"Density","Momentum:0","Momentum:1","Momentum:2","StagnationEnergy","IntegrationTime","Vorticity:0","Vorticity:1","Vorticity:2","Rotation","AngularVelocity","Normals:0","Normals:1","Normals:2","Points:0","Points:1","Points:2"
1.0104,2.974,1.0872e-06,0.0097171,6.1945,0,-0.00027496,-0.049009,-0.041532,0,-0.00041067,-0.0004381,-0.99695,0.078057,-1.619,0.049876,1.9728
1.0101,2.989,-0.00048554,0.01248,6.21,0.086921,0.001124,0.019105,-0.044876,2.2724e-05,0.00093353,-0.00043819,-0.99695,0.078079,-1.3605,0.049843,1.9739
1.0311,3.0038,0.000651,0.007857,6.2768,0.16638,0.00020717,-0.0055558,-0.075742,6.0126e-05,7.8529e-06,-0.00043826,-0.99694,0.078117,-1.123,0.049853,1.9746
0.98574,2.9412,-0.0010312,0.013262,6.0981,0.24052,0.0023618,-0.049666,-0.063848,0.00013794,0.0020913,-0.00043872,-0.99694,0.078194,-0.90033,0.049825,1.9754
1.0299,3.0163,0.0022949,0.015295,6.2945,0.31058,-0.007079,-0.068492,-0.14383,-6.4149e-05,-0.0078604,-0.00043777,-0.99695,0.077993,-0.69427,0.049923,1.9764
1.2323,3.208,-0.00083559,0.028109,6.9954,0.37264,-0.0017434,-0.18632,0.076026,-0.00033997,-0.0010287,-0.00055178,-0.99698,0.077717,-0.50708,0.04994,1.9776
1.4395,3.3303,0.0065149,0.03244,7.8178,0.38566,-0.0035847,-0.31901,1.326,-0.00028999,0.008707,0.024237,-0.99666,0.07803,-0.46532,0.049942,1.978
3.8672,2.4683,0.37427,0.07056,19.386,0.44604,-0.021799,-0.83935,0.71536,-0.0038647,-0.12712,0.10759,-0.99129,0.075902,-0.2647,0.060074,1.981
4.0352,2.2822,0.43819,0.081321,20.236,0.4542,-0.017557,-0.84329,0.52236,-0.0050287,-0.15788,0.18591,-0.97956,0.076754,-0.2446,0.063509,1.9816
4.0297,2.0966,0.49801,0.11987,20.175,0.46927,-0.093687,-1.4249,-1.1015,-0.0098408,-0.481,0.2246,-0.97166,0.073703,-0.21039,0.070864,1.9832
4.0275,1.9616,0.55004,0.14623,20.144,0.48039,-0.11242,-1.3687,0.70536,-0.014886,-0.42604,0.2698,-0.96025,0.071685,-0.18718,0.076805,1.9847
4.0928,1.7988,0.64468,0.1694,20.462,0.49163,-0.21731,-1.4011,-0.81372,-0.021476,-0.74648,0.34655,-0.93528,0.071804,-0.16537,0.083733,1.9866
4.1362,1.5769,0.83556,0.21919,20.675,0.51314,-0.30772,-1.9587,-2.0113,-0.044828,-1.4253,0.44748,-0.89228,0.059919,-0.12787,0.10029,1.9909
4.1413,1.4854,0.96017,0.24737,20.708,0.52504,-0.3275,-2.2322,-0.10693,-0.062159,-1.4873,0.55056,-0.83276,0.058191,-0.10955,0.11097,1.9937
4.1607,1.3538,1.2332,0.28842,20.838,0.54427,-0.42943,-2.2272,0.60884,-0.092807,-1.7005,0.65805,-0.75147,0.047551,-0.082702,0.1317,1.9988
4.1297,1.3026,1.4786,0.32316,20.708,0.55848,-0.57894,-2.995,1.3944,-0.12172,-2.3697,0.74506,-0.66591,0.038026,-0.064508,0.15026,2.003
4.0592,1.3663,1.8854,0.36356,20.44,0.57972,-0.89813,-3.3094,1.2056,-0.17858,-2.9824,0.80397,-0.59465,-0.004581,-0.03845,0.18304,2.0097
3.9661,1.5134,2.2681,0.39153,20.073,0.59709,-1.4661,-4.1039,0.22347,-0.24054,-4.1528,0.83093,-0.55319,-0.059442,-0.015449,0.21634,2.0158
3.8268,1.7357,2.5777,0.4121,19.472,0.61232,-1.6834,-3.7001,-1.1984,-0.30362,-4.1322,0.83026,-0.54389,-0.12185,0.0075975,0.25092,2.0215
3.679,1.9701,2.7569,0.41627,18.798,0.6246,-1.8956,-3.2295,-2.481,-0.35358,-4.0044,0.81279,-0.55592,-0.17415,0.029307,0.28233,2.0264
3.5299,2.2151,2.8552,0.41357,18.125,0.63522,-2.0139,-2.8463,-3.7527,-0.39549,-3.8874,0.78606,-0.57787,-0.21948,0.050766,0.31124,2.0306
3.3791,2.4573,2.8984,0.40821,17.453,0.64487,-2.872,-3.4423,-3.2836,-0.43745,-4.808,0.75288,-0.60252,-0.26486,0.072724,0.33835,2.0345
3.2057,2.7084,2.8806,0.39939,16.673,0.65499,-2.9546,-3.0253,-4.2708,-0.48525,-4.6358,0.71334,-0.62585,-0.31537,0.098328,0.36707,2.0385
3.0405,2.907,2.8028,0.38681,15.905,0.66384,-3.0299,-2.5497,-4.9873,-0.52524,-4.4085,0.66987,-0.65052,-0.35791,0.1229,0.39195,2.042
2.8182,3.118,2.6266,0.36262,14.849,0.67526,-2.7742,-2.1699,-6.795,-0.57388,-4.1079,0.61462,-0.67494,-0.40828,0.15715,0.42286,2.0462
2.5982,3.2964,2.3856,0.33776,13.806,0.687,-2.016,-1.4098,-5.9059,-0.61524,-2.9398,0.54987,-0.70266,-0.45156,0.19485,0.45233,2.0503
2.3192,3.4346,2.0276,0.30673,12.49,0.70177,-1.9307,-0.98517,-6.53,-0.65659,-2.6578,0.47646,-0.72725,-0.49407,0.24515,0.48526,2.0551
2.0834,3.4514,1.6864,0.27937,11.362,0.71496,-1.6449,-0.62211,-8.4735,-0.68969,-2.3611,0.41059,-0.74374,-0.5275,0.29147,0.51019,2.0591
1.9139,3.4165,1.4363,0.25864,10.545,0.72502,-1.4683,-0.41273,-9.4215,-0.71245,-2.1657,0.35825,-0.75413,-0.5504,0.32664,0.52614,2.0618
1.7427,3.3409,1.1825,0.23677,9.7108,0.73611,-1.2642,-0.16173,-10.619,-0.73529,-1.9508,0.30896,-0.75939,-0.5726,0.36499,0.54097,2.0646
1.5794,3.2256,0.93513,0.21515,8.9039,0.74829,-0.61179,0.020099,-11.196,-0.75505,-1.2966,0.26157,-0.76255,-0.59169,0.40608,0.55415,2.0675
1.4407,3.0954,0.72916,0.19744,8.2067,0.76028,-0.49306,0.1306,-11.696,-0.76986,-1.1739,0.21982,-0.76438,-0.60614,0.44502,0.56437,2.07
1.3297,2.9689,0.56318,0.18294,7.6395,0.771,-0.32774,0.12432,-11.454,-0.78147,-0.99043,0.18178,-0.76518,-0.61762,0.47838,0.57145,2.0721
1.2021,2.7958,0.3845,0.16655,6.9664,0.78536,-0.26717,0.14338,-11.623,-0.79526,-0.9295,0.1438,-0.76266,-0.63062,0.52121,0.57845,2.0747
1.1044,2.6511,0.24842,0.15323,6.4541,0.79799,-0.18259,0.066959,-10.651,-0.80609,-0.78718,0.1116,-0.75953,-0.64083,0.5566,0.58254,2.0768
1.0445,2.5395,0.17448,0.14506,6.1172,0.81032,-0.23992,0.065485,-9.438,-0.8157,-0.77146,0.088527,-0.75521,-0.64947,0.58933,0.58522,2.0786
0.99229,2.4444,0.10683,0.13903,5.8239,0.82347,-0.30849,-0.15927,-6.3034,-0.8252,-0.67225,0.066606,-0.75016,-0.65789,0.62276,0.58703,2.0805
0.95499,2.3684,0.037363,0.13635,5.6023,0.90318,-0.65553,-0.27124,-0.26679,-0.87885,-0.67397,0.052886,-0.71412,-0.69802,0.81772,0.5914,2.0917
0.96695,2.3765,0.032721,0.13606,5.6158,1.0055,-0.7405,-0.072312,0.32431,-0.95026,-0.72168,0.052126,-0.66244,-0.7473,1.0601,0.59476,2.1061
0.96642,2.3921,0.035771,0.12486,5.6518,1.1075,-0.4512,-0.049383,1.0394,-1.0073,-0.3971,0.049462,-0.61871,-0.78406,1.3025,0.59826,2.1194
0.93638,2.328,0.024631,0.10339,5.489,1.2155,-0.44678,0.087524,-0.62811,-1.0543,-0.47326,0.042368,-0.58123,-0.81264,1.5609,0.60152,2.1318
0.90824,2.2655,0.017183,0.0824,5.324,1.3335,-0.4638,0.13068,-2.2505,-1.1144,-0.54429,0.034909,-0.53142,-0.84639,1.8357,0.604,2.1429
0.89032,2.2259,0.013524,0.066821,5.2199,1.413,-0.44597,0.21989,-3.0558,-1.1573,-0.53611,0.029278,-0.49465,-0.8686,2.0157,0.60521,2.149
0.85221,2.1409,0.011725,0.022896,5.0078,1.5663,-0.21001,0.27481,-3.0513,-1.2169,-0.24112,0.011964,-0.44212,-0.89688,2.3571,0.6072,2.156
0.81918,2.066,0.0096699,-0.006995,4.8195,1.697,-0.083536,0.28135,-3.1784,-1.2373,-0.071457,-0.0010636,-0.42377,-0.90577,2.637,0.60862,2.1569
0.76984,1.9525,0.0068236,-0.044904,4.534,1.8913,0.034094,0.33366,-3.4952,-1.233,0.11561,-0.019172,-0.42772,-0.90371,3.0384,0.61026,2.1517
0.7269,1.8507,0.0070824,-0.085312,4.2889,2.0969,0.066446,0.32912,-4.1468,-1.1945,0.25859,-0.038933,-0.46223,-0.8859,3.4395,0.61166,2.1379
0.67804,1.7352,0.0091881,-0.13752,4.0131,2.3601,0.070825,0.29699,-5.0821,-1.0982,0.47368,-0.063788,-0.54554,-0.83566,3.9262,0.61384,2.1077
0.67207,1.7175,0.010276,-0.14159,3.9759,2.4333,0.058987,0.14054,-5.0778,-1.0634,0.47681,-0.0636,-0.57435,-0.81614,4.0532,0.61455,2.0972
0.67435,1.689,0.017106,-0.11407,3.9561,2.7861,-0.049815,-0.16214,-4.2393,-0.93794,0.23431,-0.0433,-0.67215,-0.73915,4.6595,0.61945,2.0512
0.68228,1.679,0.020881,-0.080433,3.9751,3.1364,-0.1969,-0.2563,-3.974,-0.89861,-0.0097018,-0.025971,-0.70058,-0.7131,5.2514,0.62635,2.0169
0.69447,1.6833,0.018613,-0.037515,4.026,3.5889,-0.22081,-0.23094,-3.2505,-0.93494,-0.15088,-0.0090455,-0.67399,-0.73869,6.0116,0.63535,1.9904
0.69942,1.6779,0.015288,-0.0048481,4.0421,4.0406,-0.22769,-0.17431,-2.7919,-1.019,-0.2212,0.0033953,-0.60945,-0.79282,6.7722,0.64297,1.982
0.70645,1.7036,0.012913,0.01056,4.0959,4.6273,-0.20435,-0.15453,-3.1995,-1.15,-0.22535,0.0091795,-0.50062,-0.86562,7.7566,0.65117,1.9836
0.70826,1.7102,0.010742,0.022291,4.1129,5.2052,-0.19562,-0.1109,-2.4376,-1.281,-0.22806,0.014473,-0.38322,-0.92354,8.741,0.65796,1.9939
0.68499,1.6364,0.0080292,0.021948,3.9633,5.9544,-0.14518,-0.057433,-2.4503,-1.4332,-0.1783,0.01419,-0.23873,-0.97098,10.022,0.66514,2.0107
0.66719,1.5785,0.0058487,0.022711,3.8479,6.7374,-0.1058,-0.011637,-2.4614,-1.5583,-0.14125,0.014722,-0.11569,-0.99318,11.304,0.6705,2.0286
0.67097,1.5939,0.0062502,0.022208,3.875,7.7968,-0.10554,-0.012644,-2.4581,-1.7072,-0.13982,0.013787,0.032923,-0.99936,12.976,0.67687,2.0523
1.013,2.9762,-0.00011078,0.0082011,6.2055,0,0.0021208,-0.036026,-0.016627,0,0.0020763,-0.00021803,-0.99894,0.046009,-1.8613,0.23746,1.9882
1.0095,2.9774,-0.00027525,0.010536,6.1952,0.10322,-0.0011904,-0.048272,0.033672,5.2105e-05,-0.0010668,-0.00021821,-0.99894,0.046061,-1.5541,0.23743,1.9891
1.0083,2.9837,0.00021918,0.012361,6.196,0.1698,9.8134e-05,-0.010607,0.1224,3.6714e-05,0.00060444,-7.9402e-05,-0.99894,0.046046,-1.3559,0.23742,1.9899
1.033,3.0162,0.00063033,0.0079771,6.3027,0.25515,-0.0039079,0.072874,-0.052316,-0.00010952,-0.004031,-8.4911e-05,-0.99895,0.0459,-1.1012,0.23748,1.9907
0.99638,2.9598,-0.00062454,0.012814,6.1416,0.33336,-0.0040543,-0.075073,-0.20001,-0.00045892,-0.0049043,-0.0004767,-0.99896,0.04555,-0.86536,0.23746,1.9916
1.035,2.9914,-0.0023658,0.013584,6.2975,0.38111,0.024255,-0.11851,0.018044,7.2721e-06,0.02443,-0.00025409,-0.99894,0.046016,-0.72403,0.23739,1.9922
1.0034,2.9921,0.0047822,0.017373,6.1815,0.41451,-0.0092643,-0.15179,0.10727,0.00026694,-0.0088839,0.0075289,-0.9989,0.046321,-0.6241,0.23743,1.9927
1.8985,3.4611,0.2247,0.038389,9.8891,0.48644,0.023401,-0.063106,2.4635,0.0016208,0.046527,0.054936,-0.99733,0.048091,-0.40893,0.24071,1.9944
2.4266,3.4057,0.44486,0.042815,12.294,0.50063,-0.016505,-0.10682,4.744,0.002156,0.028933,0.12737,-0.99062,0.049482,-0.35996,0.24542,1.995
2.7925,3.2411,0.66866,0.045563,14.091,0.50979,-0.02705,-0.24577,5.954,0.0023152,0.0058235,0.20382,-0.9777,0.050656,-0.32893,0.25046,1.9954
3.1413,3.0098,0.93521,0.049472,15.873,0.51875,-0.05698,-0.43147,6.2961,0.0019668,-0.083603,0.29877,-0.95292,0.051761,-0.30022,0.25783,1.9959
3.4716,2.7923,1.2352,0.054747,17.564,0.52864,-0.14982,-0.67645,6.7848,0.00012281,-0.28897,0.38983,-0.91944,0.051539,-0.27102,0.26876,1.9964
3.6258,2.7147,1.3765,0.060825,18.335,0.53474,-0.27348,-1.2405,0.83743,-0.0031605,-0.78806,0.44775,-0.89279,0.049398,-0.25422,0.27678,1.9967
3.7054,2.6911,1.4773,0.073066,18.711,0.54186,-0.26889,-1.2159,0.62664,-0.0088297,-0.80571,0.49985,-0.86493,0.045095,-0.23508,0.2869,1.9972
3.8255,2.7059,1.9251,0.1231,19.315,0.57495,0.15815,-1.0864,-1.9009,-0.031612,-0.571,0.56683,-0.82346,0.024759,-0.1493,0.34122,2.0004
3.733,2.6911,2.1221,0.13585,18.885,0.59028,0.16823,-0.9137,-0.50876,-0.039464,-0.45349,0.61642,-0.78719,0.019248,-0.10857,0.37172,2.0023
3.6511,2.7543,2.3408,0.14759,18.601,0.60485,0.13169,-0.78691,-0.57546,-0.045916,-0.4324,0.64517,-0.7639,0.014275,-0.069987,0.4034,2.0043
3.5492,2.8838,2.5512,0.16901,18.269,0.61827,-0.36755,-1.387,-0.032253,-0.056834,-1.1945,0.66037,-0.75093,0.0041552,-0.033399,0.43526,2.0064
3.4283,3.0178,2.6716,0.18963,17.799,0.63042,-0.66328,-1.3676,-2.0027,-0.073184,-1.4957,0.66172,-0.74966,-0.012125,0.0015777,0.46635,2.0085
3.2751,3.1404,2.6935,0.20288,17.09,0.64243,-0.8683,-1.2584,-3.7307,-0.092122,-1.6593,0.65216,-0.75742,-0.031676,0.037997,0.4982,2.0108
3.1563,3.2316,2.6597,0.20749,16.497,0.65108,-0.93649,-1.1354,-5.34,-0.10669,-1.7072,0.60846,-0.79207,-0.048987,0.065374,0.52126,2.0126
2.5726,3.6144,2.0549,0.19182,13.648,0.69795,-0.2729,-0.66874,-5.4632,-0.16588,-0.81894,0.50006,-0.85844,-0.11409,0.22656,0.63263,2.022
2.0167,3.6023,1.3954,0.16299,11.043,0.74493,-0.11568,-0.21107,-6.1217,-0.1955,-0.442,0.3861,-0.91032,-0.14912,0.40316,0.71574,2.0307
1.8727,3.5369,1.2201,0.15219,10.37,0.76046,-0.16629,-0.17915,-6.0346,-0.20251,-0.46071,0.32567,-0.93206,-0.15874,0.45951,0.73632,2.0332
1.6947,3.4207,0.99595,0.14213,9.5105,0.78088,0.079689,-0.13899,-6.2752,-0.20939,-0.21251,0.28512,-0.94379,-0.16722,0.53229,0.75955,2.0362
1.5525,3.2844,0.82531,0.13581,8.8105,0.80054,-0.028832,-0.12915,-6.6173,-0.21466,-0.32456,0.24528,-0.9537,-0.17406,0.59988,0.77785,2.039
1.4106,3.1303,0.63916,0.12549,8.0981,0.82456,-0.094512,-0.029734,-6.6606,-0.22289,-0.35989,0.20567,-0.96121,-0.18376,0.67917,0.79598,2.0423
1.2887,2.9572,0.47807,0.1168,7.4407,0.84966,-0.014168,-0.017102,-5.5636,-0.23033,-0.23347,0.16644,-0.96705,-0.19263,0.75804,0.8105,2.0454
1.2122,2.8368,0.36993,0.11167,7.0066,0.87044,-0.02722,-0.025158,-5.0635,-0.23512,-0.22773,0.12017,-0.97257,-0.19914,0.81964,0.81941,2.0478
1.0437,2.5391,0.12967,0.090352,6.0486,0.94246,-0.048071,0.12629,-3.4903,-0.24928,-0.1655,0.063353,-0.97452,-0.21516,1.0249,0.83714,2.0556
0.98103,2.4275,0.046682,0.07831,5.7036,1.0261,-0.148,0.21374,-1.0165,-0.26359,-0.17656,0.028886,-0.97269,-0.23031,1.2374,0.84311,2.0627
0.9689,2.4071,0.033574,0.074962,5.6378,1.0615,-0.19959,0.30659,-0.25008,-0.27031,-0.20298,0.022116,-0.97123,-0.2371,1.3234,0.8445,2.0655
0.9479,2.3612,0.033853,0.061359,5.5284,1.1623,-0.11251,0.37301,0.17948,-0.2857,-0.10245,0.019827,-0.9675,-0.25209,1.5659,0.84794,2.0724
0.93009,2.3342,0.027332,0.038502,5.4404,1.265,-0.10343,0.50862,0.020271,-0.29595,-0.097121,0.015577,-0.96492,-0.26208,1.8085,0.85114,2.0776
0.9056,2.2912,0.020085,0.0098797,5.3133,1.3814,-0.1089,0.56918,-0.16246,-0.30769,-0.1046,0.009592,-0.96183,-0.27346,2.0803,0.85389,2.0805
0.86656,2.2094,0.012821,-0.026211,5.0983,1.5193,-0.11524,0.53012,-0.2779,-0.32241,-0.10886,0.0022745,-0.95776,-0.28756,2.3962,0.8562,2.0793
0.82992,2.1376,0.0074889,-0.062182,4.9002,1.6622,-0.12003,0.54337,-0.29771,-0.33801,-0.10942,-0.0055632,-0.95319,-0.30231,2.712,0.85764,2.0729
0.78525,2.0514,0.0014726,-0.10671,4.6598,1.8399,-0.12673,0.59104,-0.29319,-0.35758,-0.1109,-0.015586,-0.94711,-0.32052,3.0916,0.85845,2.0576
0.75213,1.9739,0.00019982,-0.13547,4.4667,2.0052,-0.054794,0.34281,-0.021916,-0.37113,-0.05313,-0.022428,-0.94268,-0.33293,3.4305,0.85854,2.0371
0.71438,1.8827,0.0027859,-0.16918,4.2426,2.2428,0.05597,0.011509,0.35913,-0.37464,0.023621,-0.027723,-0.94151,-0.33583,3.8991,0.8588,1.9998
0.73059,1.9226,0.017654,-0.16031,4.3393,2.4915,0.0024236,-0.23055,0.15488,-0.37326,-0.012564,-0.01909,-0.94192,-0.33529,4.3673,0.86116,1.9582
0.76933,2.0167,0.03693,-0.1329,4.5704,2.7994,-0.10777,-0.37038,-0.28124,-0.38995,-0.095792,-0.0073968,-0.93602,-0.35188,4.9597,0.86938,1.9139
0.78309,2.0457,0.040251,-0.11558,4.6476,2.9664,-0.14042,-0.3878,-0.33176,-0.40872,-0.12908,-0.0033789,-0.92916,-0.36965,5.2966,0.87602,1.8933
0.79166,2.0494,0.033536,-0.077543,4.6769,3.338,-0.075244,-0.32693,-0.22677,-0.44607,-0.071952,-0.00024217,-0.91463,-0.40429,6.0571,0.88978,1.8575
0.80195,2.0701,0.028482,-0.049258,4.7292,3.7095,-0.1012,-0.24913,-0.25292,-0.47775,-0.098572,0.002287,-0.90132,-0.43314,6.8186,0.90105,1.835
0.82564,2.1587,0.026699,-0.036857,4.8926,4.1853,-0.12171,-0.25095,-0.1748,-0.53018,-0.1218,0.0026372,-0.87737,-0.4798,7.8038,0.91395,1.815
0.83465,2.1993,0.02381,-0.027094,4.96,4.6417,-0.13209,-0.23287,-0.2537,-0.58798,-0.13147,0.002648,-0.84819,-0.52969,8.7891,0.92536,1.8009
0.80655,2.1137,0.019698,-0.019764,4.7867,5.2246,-0.11818,-0.14938,-0.82987,-0.65888,-0.1118,0.0021096,-0.80853,-0.58845,10.071,0.93822,1.787
0.78815,2.0593,0.017608,-0.014547,4.6753,5.8311,-0.108,-0.079843,-1.2619,-0.72304,-0.099764,0.0022306,-0.76914,-0.63908,11.353,0.9495,1.7769
0.79364,2.0788,0.018465,-0.01627,4.7097,6.6435,-0.1078,-0.086227,-1.267,-0.80363,-0.098641,0.00079276,-0.7152,-0.69892,13.026,0.96408,1.7644
1.0099,2.9829,-0.0003257,0.009058,6.2022,0,0.00068192,-0.056193,-0.019477,0,0.00062891,-0.00044501,-0.99532,0.096642,-2.1037,0.42504,2.0036
1.015,2.9807,-0.00066112,0.0080807,6.2171,0.106,0.0073455,-0.0073882,-0.035644,0.0004176,0.0072505,-0.00044613,-0.99528,0.097057,-1.7875,0.42498,2.0045
1.0075,2.9761,-0.00012325,0.01101,6.1859,0.21207,-0.0025773,-0.068267,-0.13028,0.00064004,-0.0030564,-0.00044737,-0.99526,0.097279,-1.4713,0.42497,2.0054
1.0206,2.9922,0.00093067,0.0094666,6.2415,0.30855,0.0012102,0.039917,0.097146,0.00056641,0.00153,-0.00044681,-0.99526,0.097205,-1.1842,0.4249,2.0065
1.0068,2.9786,-0.0018551,0.011828,6.1863,0.3953,-0.0097968,-0.034783,0.031301,0.00021419,-0.0096508,-0.00044585,-0.9953,0.096855,-0.92461,0.42508,2.0073
1.0258,3.0107,0.012219,0.013481,6.3102,0.47684,0.011577,-0.018685,0.40533,0.00036364,0.013316,0.001724,-0.99528,0.097014,-0.68171,0.42507,2.0084
1.0357,3.026,0.012995,0.01867,6.2878,0.51139,-0.0096301,-0.23007,-0.50822,0.00035608,-0.013753,0.022368,-0.99502,0.097124,-0.57772,0.42553,2.009
1.9116,3.4278,0.50381,0.030767,9.9817,0.58368,-0.1568,-0.2215,7.3479,-0.0045545,-0.12209,0.1332,-0.9867,0.093165,-0.35932,0.43467,2.0106
2.6493,3.3554,1.0689,0.048262,13.527,0.60527,-0.19821,-0.88582,6.5939,-0.0098366,-0.36734,0.2901,-0.95279,0.089614,-0.28656,0.45157,2.0115
3.1418,3.3152,1.4885,0.064592,15.909,0.62083,-0.1928,-1.0592,5.8457,-0.016631,-0.50574,0.40919,-0.9085,0.084847,-0.23539,0.47114,2.0123
3.4824,3.2464,1.9519,0.071439,17.579,0.63841,0.48607,-0.40493,5.8493,-0.01828,0.31817,0.50264,-0.86029,0.085153,-0.1789,0.50084,2.0135
3.5961,3.3442,2.3239,0.078021,18.342,0.65378,0.4713,-0.45304,3.6307,-0.014312,0.19802,0.56178,-0.82233,0.090406,-0.13009,0.53258,2.0146
3.5283,3.4514,2.5696,0.099609,18.279,0.6686,0.12165,-1.01,0.78665,-0.016455,-0.48725,0.58829,-0.80375,0.088861,-0.081169,0.56793,2.0159
3.3123,3.52,2.6192,0.12633,17.272,0.68312,0.015628,-1.1746,-3.1394,-0.025648,-0.77873,0.59022,-0.8033,0.079749,-0.031129,0.60536,2.0175
3.1524,3.5952,2.5572,0.14289,16.441,0.69938,-0.22718,-0.88643,-2.7981,-0.03839,-0.78913,0.57733,-0.8138,0.066521,0.026507,0.64735,2.0197
3.0518,3.6474,2.4896,0.14468,15.964,0.71221,-0.3022,-0.90288,-3.3318,-0.049015,-0.8673,0.55048,-0.83305,0.05483,0.072944,0.67971,2.0215
2.7765,3.8027,2.2109,0.14972,14.632,0.74358,-0.10181,-0.64476,-5.2522,-0.071883,-0.59051,0.51057,-0.8593,0.030371,0.19009,0.75362,2.0262
2.6389,3.8149,2.0614,0.1478,13.982,0.75622,-0.065621,-0.4811,-5.5183,-0.07861,-0.47426,0.46869,-0.88309,0.021998,0.23855,0.78083,2.0281
2.3926,3.8227,1.7934,0.14045,12.829,0.77961,0.018701,-0.42852,-4.9006,-0.087994,-0.3279,0.42903,-0.90322,0.011118,0.32919,0.82637,2.0315
2.2176,3.7738,1.6137,0.13654,12.007,0.79698,0.1272,-0.53896,-4.9268,-0.093089,-0.25871,0.38848,-0.92145,0.0045447,0.3961,0.85642,2.0339
1.9953,3.6792,1.3497,0.13693,10.937,0.82103,0.3034,-0.58296,-6.2172,-0.0978,-0.13309,0.34725,-0.93777,-0.0016782,0.4879,0.89268,2.0373
1.8323,3.5825,1.1712,0.13685,10.171,0.84599,0.054318,-0.53024,-5.4563,-0.10334,-0.31104,0.31169,-0.95015,-0.008557,0.58031,0.92465,2.0407
1.7092,3.4959,1.0158,0.13155,9.5821,0.86609,-0.062364,-0.3054,-4.8956,-0.1097,-0.3218,0.28043,-0.95974,-0.016108,0.65267,0.94705,2.0435
1.6069,3.3946,0.87971,0.12697,9.0536,0.88378,-0.094941,-0.27713,-4.1161,-0.11529,-0.31026,0.25047,-0.96786,-0.022822,0.7148,0.96405,2.0458
1.5031,3.2744,0.74001,0.12405,8.4954,0.90387,0.039967,-0.22039,-4.9052,-0.12033,-0.19073,0.21051,-0.97715,-0.029354,0.78328,0.98064,2.0484
1.3079,3.0101,0.44423,0.10255,7.4611,0.96681,-0.043339,0.015261,-3.8642,-0.1317,-0.17079,0.14797,-0.98806,-0.042987,0.99094,1.0193,2.056
1.1485,2.7592,0.22696,0.08238,6.6111,1.0383,-0.027223,0.060027,-2.5064,-0.14126,-0.096749,0.085713,-0.99483,-0.054519,1.2071,1.0432,2.0628
1.0465,2.5731,0.11283,0.073144,6.0416,1.1207,-0.031226,0.12485,-1.2822,-0.14781,-0.062116,0.046789,-0.99697,-0.062179,1.4347,1.0566,2.0693
0.98647,2.4561,0.059289,0.062,5.7092,1.2164,-0.021452,0.37917,-0.65395,-0.15216,-0.02879,0.028215,-0.99735,-0.067114,1.6811,1.0644,2.0763
0.96137,2.4215,0.044224,0.030522,5.5912,1.3284,-0.11456,0.63192,-0.76844,-0.16008,-0.11268,0.019123,-0.99698,-0.075216,1.9564,1.0702,2.0815
0.92343,2.343,0.028709,0.0030123,5.384,1.4421,-0.10375,0.55667,-0.72333,-0.17205,-0.097849,0.012041,-0.99612,-0.087192,2.2318,1.0745,2.0834
0.87875,2.2513,0.011968,-0.031303,5.1405,1.5783,-0.080118,0.53437,-0.59959,-0.1834,-0.068933,0.0043222,-0.99513,-0.098456,2.5507,1.0772,2.0815
0.83041,2.1598,-0.00030468,-0.080884,4.8833,1.7481,-0.054273,0.67021,-0.39796,-0.19261,-0.039436,-0.0041155,-0.99421,-0.1074,2.933,1.0782,2.0718
0.78131,2.0536,-0.010311,-0.12347,4.6106,1.9251,-0.010211,0.53439,-0.21539,-0.19609,5.5236e-05,-0.011402,-0.99381,-0.11052,3.315,1.0771,2.0529
0.72906,1.9268,-0.015851,-0.16242,4.307,2.1546,0.06593,0.14749,-0.05161,-0.18819,0.06882,-0.015436,-0.99463,-0.10235,3.7859,1.0739,2.0189
0.72896,1.9277,-0.0021043,-0.17064,4.3064,2.3987,0.066118,-0.18822,-0.018245,-0.17152,0.067674,-0.0079677,-0.99623,-0.086363,4.2561,1.0709,1.9764
0.77338,2.0377,0.026322,-0.14983,4.565,2.7066,0.0061065,-0.37532,-0.21844,-0.15845,0.017272,0.0060248,-0.99721,-0.074436,4.8499,1.0745,1.9281
0.80053,2.0957,0.036884,-0.11957,4.7168,2.9981,-0.021595,-0.42724,-0.32982,-0.15743,-0.010279,0.012586,-0.9972,-0.073738,5.4442,1.0846,1.8893
0.8071,2.0987,0.032727,-0.087942,4.7465,3.2818,-0.014023,-0.36032,-0.32989,-0.15971,-0.0058123,0.012184,-0.99703,-0.076003,6.0391,1.0945,1.8599
0.81728,2.119,0.028521,-0.057674,4.8037,3.6455,-0.038263,-0.27035,-0.48249,-0.166,-0.028757,0.011554,-0.99654,-0.082248,6.8025,1.1054,1.8346
0.84219,2.2067,0.0285,-0.044951,4.9656,4.111,-0.018482,-0.29909,-0.23954,-0.17676,-0.01746,0.011,-0.99561,-0.092953,7.7891,1.1185,1.8111
0.85811,2.2654,0.027687,-0.035816,5.0709,4.4434,-0.0037708,-0.31081,-0.066504,-0.18074,-0.0065167,0.010382,-0.99524,-0.09691,8.5225,1.1277,1.7979
0.84198,2.232,0.023276,-0.029187,4.9874,5.0097,0.0075976,-0.23109,-0.32693,-0.17991,0.0094614,0.0092187,-0.99533,-0.096063,9.8056,1.1422,1.7794
0.82765,2.2029,0.020378,-0.023339,4.9136,5.5846,0.018417,-0.15067,-0.5757,-0.17054,0.02312,0.0086541,-0.99619,-0.086729,11.089,1.1547,1.7643
0.83109,2.2147,0.02098,-0.023192,4.9349,6.3444,0.018607,-0.15607,-0.58181,-0.15294,0.023219,0.0088752,-0.99756,-0.06918,12.763,1.1704,1.7467
1.007,2.9683,-3.5691e-05,0.0054693,6.1765,0,-0.0025958,-0.045227,-0.012052,0,-0.0026175,0.0017268,-0.62195,-0.78305,-2.346,0.61262,2.019
1.0115,2.9825,-0.0009604,0.0083811,6.2072,0.12605,0.0018185,-0.046686,-0.0007876,-4.9548e-05,0.0018313,0.0017269,-0.62191,-0.78308,-1.9718,0.61248,2.0199
1.0098,2.9613,0.0042569,0.0082069,6.1835,0.23485,-0.0045654,-0.059417,0.072769,-0.00019196,-0.0044491,0.0017269,-0.6218,-0.78317,-1.6473,0.61266,2.0208
1.0159,3.0055,-0.0057605,0.011406,6.2375,0.33379,-0.0019774,-0.015561,-0.073668,-0.00052224,-0.0022272,0.0017288,-0.62154,-0.78338,-1.3543,0.61263,2.0218
1.0186,3.0014,-0.0021241,0.010443,6.2442,0.38618,0.0077753,0.023595,-0.0075092,-0.00037803,0.0077325,0.0025402,-0.62166,-0.78329,-1.1968,0.61232,2.0224
1.012,2.9749,0.0034101,0.010449,6.2032,0.47547,-0.0016704,0.022536,-0.1036,-0.00012248,-0.0020085,0.003062,-0.62186,-0.78312,-0.92885,0.61269,2.0232
1.0056,2.9733,-0.00084171,0.014682,6.1868,0.55813,-0.0099156,-0.15906,0.25101,-0.00056221,-0.008631,0.0037103,-0.62151,-0.78339,-0.68294,0.61248,2.0243
1.0109,3.009,0.0038441,0.018048,6.2586,0.59482,-0.0048946,-0.12154,0.086576,-0.00080366,-0.0045305,0.0072358,-0.62132,-0.78353,-0.57385,0.61254,2.0248
1.0931,3.1177,0.050824,0.019087,6.5601,0.61866,-0.0057287,0.034784,1.2502,-0.00082795,0.002492,0.014496,-0.62123,-0.7835,-0.50212,0.61313,2.0253
1.1633,3.2031,0.098291,0.019464,6.828,0.63408,-0.026171,0.032392,1.7879,-0.00091903,-0.014306,0.055959,-0.61916,-0.78327,-0.45406,0.61424,2.0256
2.4605,3.7255,1.1299,0.054564,12.577,0.70346,-0.04836,-0.40711,7.1823,-0.0036274,-0.063762,0.15995,-0.59993,-0.7839,-0.23459,0.64459,2.0277
2.9941,3.8519,1.6886,0.053316,15.286,0.72055,0.33374,0.27796,6.8183,0.0001297,0.50365,0.26379,-0.56735,-0.78008,-0.17228,0.6677,2.0286
3.2726,3.7854,2.3139,0.053861,16.994,0.73778,-0.1802,-0.30313,8.587,0.0026806,-0.20759,0.32563,-0.5378,-0.77765,-0.10815,0.70135,2.0294
3.2843,3.8047,2.5742,0.067586,17.227,0.74927,-0.32749,-0.80865,4.661,-0.0022818,-0.65574,0.35743,-0.51325,-0.78027,-0.065316,0.72903,2.0301
3.2689,3.8802,2.6947,0.082016,17.233,0.76094,-0.44103,-0.92706,-0.20575,-0.01132,-0.89449,0.36292,-0.50067,-0.78589,-0.021292,0.75955,2.031
3.2319,3.9617,2.716,0.094577,17.064,0.77254,-0.43785,-0.94132,-2.0625,-0.021926,-0.93383,0.35778,-0.49404,-0.79241,0.023805,0.79069,2.032
3.1768,3.9856,2.7063,0.10176,16.782,0.78102,-0.4249,-1.0553,-2.7139,-0.030133,-1.0015,0.35148,-0.49044,-0.79745,0.057464,0.81364,2.0328
3.1078,4.0539,2.6473,0.11207,16.428,0.7915,-0.28597,-1.0667,-5.8538,-0.040403,-0.95789,0.3408,-0.48766,-0.80377,0.099449,0.8417,2.0339
3.0279,4.109,2.5615,0.12038,16.022,0.80106,-0.24348,-0.83311,-7.2967,-0.048942,-0.8285,0.32653,-0.48857,-0.80912,0.13846,0.86662,2.0351
2.8644,4.1088,2.3836,0.12415,15.208,0.81296,-0.20965,-0.63603,-7.0372,-0.057941,-0.68419,0.2986,-0.49645,-0.81509,0.18781,0.89633,2.0365
2.4548,4.079,1.893,0.12967,13.194,0.85581,0.10373,-0.63137,-3.7466,-0.078591,-0.27961,0.25797,-0.4981,-0.82786,0.36921,0.98851,2.042
2.1348,3.96,1.5386,0.15018,11.699,0.90107,0.18167,-0.55691,-3.6577,-0.088575,-0.16155,0.23304,-0.49995,-0.83411,0.55672,1.0675,2.0485
2.0885,3.9375,1.4918,0.15626,11.501,0.91586,0.12558,-0.32177,-4.6601,-0.091021,-0.16939,0.22211,-0.50201,-0.83585,0.61534,1.0901,2.0508
2.0019,3.8856,1.3997,0.15204,11.109,0.92923,-0.21429,-0.26404,-3.5625,-0.094975,-0.42195,0.20431,-0.50488,-0.83866,0.66815,1.1096,2.0529
1.7071,3.6044,0.98785,0.12886,9.584,0.98056,-0.10157,-0.15785,-4.5052,-0.11337,-0.29484,0.17396,-0.4981,-0.84949,0.87026,1.1734,2.0606
1.6204,3.5138,0.84543,0.11542,9.1464,1.0096,-0.082084,-0.13759,-4.6141,-0.12143,-0.25922,0.14333,-0.49894,-0.8547,0.97557,1.2004,2.0642
1.4378,3.2895,0.59422,0.095897,8.2202,1.071,0.0055289,-0.13741,-3.3561,-0.13292,-0.11522,0.11398,-0.49492,-0.86143,1.1926,1.246,2.0708
1.2647,3.0197,0.37211,0.085714,7.2782,1.1422,0.00087473,-0.08926,-3.1729,-0.14055,-0.099397,0.085342,-0.4926,-0.86606,1.4278,1.281,2.0775
1.1362,2.7934,0.2221,0.073937,6.5777,1.2262,-0.059041,0.0787,-2.5494,-0.14976,-0.11984,0.061748,-0.48691,-0.87127,1.6821,1.306,2.0846
1.0363,2.6117,0.11544,0.049826,6.0378,1.3273,0.0068388,0.10117,-2.0284,-0.15721,-0.027354,0.041991,-0.48168,-0.87534,1.965,1.3238,2.0911
0.99145,2.5217,0.077159,0.034603,5.7885,1.4104,0.0078751,0.17198,-1.3644,-0.15857,-0.0055826,0.024312,-0.48115,-0.8763,2.1821,1.3319,2.0947
0.92081,2.378,0.020889,0.0062925,5.3959,1.5502,0.016231,0.37614,-0.65303,-0.15772,0.017806,0.0061856,-0.48222,-0.87603,2.5347,1.3384,2.0979
0.86843,2.2766,0.0049768,-0.051723,5.1211,1.723,0.042484,0.45548,-0.53738,-0.15137,0.055674,-0.018903,-0.48791,-0.87269,2.9456,1.3407,2.0939
0.81114,2.1515,-0.011518,-0.10275,4.804,1.9035,0.019268,0.64499,-0.40499,-0.14318,0.035116,-0.045193,-0.495,-0.86772,3.3564,1.3401,2.0792
0.74585,1.9983,-0.028015,-0.15381,4.4291,2.1249,0.054314,0.21553,-0.22977,-0.13168,0.068767,-0.069064,-0.50473,-0.86051,3.8324,1.3354,2.0496
0.74184,1.9905,-0.015306,-0.16789,4.4045,2.3629,0.041705,-0.1703,-0.1656,-0.11674,0.05678,-0.073757,-0.51754,-0.85247,4.3076,1.3291,2.0093
0.77646,2.0735,0.015909,-0.15492,4.6001,2.663,0.009103,-0.44034,-0.31451,-0.10385,0.02914,-0.059219,-0.52852,-0.84685,4.9052,1.3292,1.9614
0.80476,2.1347,0.029706,-0.12507,4.7598,2.9513,-0.0093453,-0.50063,-0.36861,-0.098884,0.0052748,-0.041675,-0.53251,-0.8454,5.5033,1.3366,1.9213
0.82676,2.1758,0.032649,-0.083447,4.8825,3.3094,-0.026123,-0.40516,-0.27906,-0.10179,-0.021482,-0.025766,-0.52982,-0.84772,6.268,1.3477,1.8844
0.84354,2.222,0.032576,-0.059812,4.9846,3.661,-0.030072,-0.33986,-0.30261,-0.11029,-0.026896,-0.015386,-0.52242,-0.85255,7.0333,1.3592,1.8605
0.86461,2.2952,0.032849,-0.04406,5.1221,4.1056,-0.027071,-0.35641,-0.42617,-0.1216,-0.023984,-0.0094985,-0.51266,-0.85854,8.0213,1.3734,1.8378
0.87179,2.3285,0.031329,-0.033707,5.1747,4.5361,-0.024362,-0.32548,-0.46317,-0.13151,-0.022033,-0.006048,-0.50407,-0.86364,9.0094,1.3874,1.8218
0.86117,2.3147,0.024774,-0.026885,5.1205,5.0876,-0.019137,-0.251,-0.38946,-0.14235,-0.017298,-0.0048816,-0.49466,-0.86907,10.294,1.4029,1.8051
0.85453,2.3063,0.020352,-0.023253,5.0863,5.6424,-0.01601,-0.20344,-0.34171,-0.15113,-0.014359,-0.0043832,-0.487,-0.87339,11.578,1.415,1.7915
0.85752,2.3163,0.02123,-0.022545,5.1042,6.3685,0.050652,-0.20098,-0.44391,-0.13706,0.053126,-0.0042125,-0.49925,-0.86645,13.252,1.4301,1.7749
1.0037,2.9511,0.0014729,0.0020375,6.1477,0,0.0012653,-0.0003119,-0.013736,0,0.0012557,0.00084173,-0.7757,-0.63111,-2.5883,0.8002,2.0343
1.0062,2.963,0.00013153,0.0038966,6.1681,0.059504,-0.0014999,-0.030437,0.0093402,-6.9414e-06,-0.001489,0.00084173,-0.77569,-0.63111,-2.4127,0.80025,2.0345
1.0126,2.9915,-0.0035889,0.0082405,6.2192,0.18903,0.0047905,-0.054922,-0.027479,0.00020624,0.0047806,0.0013279,-0.77583,-0.63095,-2.0289,0.80002,2.0353
1.0079,2.9606,0.004424,0.0082917,6.1767,0.30003,-0.0002051,-0.037214,-0.021258,0.0004538,-0.00032024,0.0025734,-0.77598,-0.63075,-1.6968,0.80005,2.0362
1.0074,2.9574,0.0057392,0.0085796,6.1719,0.34559,-0.004984,-0.032188,0.021854,0.000333,-0.004983,0.0025776,-0.77591,-0.63084,-1.5619,0.80032,2.0366
1.0187,3.01,-0.0083107,0.011275,6.2465,0.44641,-0.0028229,-0.05351,0.016557,-4.9925e-05,-0.0026131,0.0013214,-0.77566,-0.63114,-1.2638,0.80021,2.0376
1.0181,2.9973,8.9541e-05,0.010231,6.2425,0.50867,0.0066202,0.037573,0.013265,7.625e-05,0.0066665,0.0019996,-0.77574,-0.63104,-1.0764,0.79986,2.0383
1.0142,2.9821,0.0090201,0.009361,6.2273,0.54668,0.0095903,0.11424,0.02355,0.00039322,0.01001,0.0039914,-0.77594,-0.63079,-0.96242,0.80002,2.0387
1.0098,2.9699,0.0073865,0.010333,6.1966,0.58669,-0.0062426,0.033616,-0.16845,0.00045853,-0.006745,0.0038998,-0.77598,-0.63074,-0.84311,0.80045,2.039
1.0113,2.967,-0.0042263,0.012559,6.18,0.62512,-0.0095108,-0.12667,-0.28965,0.0001261,-0.010556,0.0016307,-0.77577,-0.63101,-0.72898,0.80053,2.0395
1.0196,2.9862,-0.013946,0.014625,6.2113,0.65189,-0.0086336,-0.16549,-0.15253,-0.00013047,-0.0086075,0.00019049,-0.77561,-0.63121,-0.64954,0.80027,2.0398
1.0195,3.012,-0.0090999,0.015953,6.2483,0.67937,-0.0055535,-0.050525,0.030606,-0.00032067,-0.0052387,0.0099828,-0.77547,-0.6313,-0.5675,0.79993,2.0403
1.3083,3.2769,0.2587,0.035299,7.448,0.7576,-0.024627,-0.6304,4.8824,-0.0013756,-0.021732,0.052191,-0.77337,-0.6318,-0.33199,0.80468,2.0418
1.583,3.5701,0.43558,0.043289,8.6159,0.77503,-0.0029085,-0.19678,4.2007,-0.0013573,0.023839,0.098518,-0.7693,-0.63125,-0.27498,0.81038,2.0425
1.8012,3.7969,0.57581,0.045644,9.5528,0.78487,0.089524,0.20525,4.9736,-0.00036269,0.17839,0.13873,-0.76411,-0.62999,-0.23993,0.81517,2.0429
2.3105,3.9693,1.1335,0.04584,12.034,0.80316,0.030356,0.38507,10.865,0.0036059,0.25556,0.21101,-0.75068,-0.62606,-0.1712,0.82941,2.0437
2.5625,3.958,1.5412,0.047196,13.398,0.81392,-0.22965,0.073969,11.262,0.0046472,-0.062019,0.29515,-0.7233,-0.62428,-0.12913,0.84361,2.0442
2.868,4.0401,2.1079,0.061821,15.128,0.83355,-0.26778,-0.44679,8.7004,0.00083713,-0.32602,0.35957,-0.69164,-0.62638,-0.053376,0.87842,2.0453
2.9658,4.0411,2.3759,0.067906,15.704,0.84649,-0.34003,-0.65033,7.3514,-0.0046112,-0.51618,0.39742,-0.66721,-0.63,-0.0018372,0.90704,2.0461
3.0201,4.0999,2.5057,0.074599,16.007,0.85646,-0.32163,-0.89922,3.2471,-0.010636,-0.69287,0.41074,-0.65483,-0.63442,0.03814,0.93122,2.0468
3.0722,4.1961,2.5952,0.081619,16.28,0.86568,-0.34543,-1.0387,2.624,-0.017505,-0.79662,0.41368,-0.64789,-0.63961,0.075895,0.95442,2.0475
3.1037,4.2372,2.6837,0.084035,16.457,0.87941,-0.44126,-1.1065,0.12226,-0.029577,-0.96264,0.41497,-0.63791,-0.64874,0.13333,0.99029,2.0486
3.0734,4.2603,2.6944,0.085499,16.317,0.88758,-0.3375,-1.2052,-3.8725,-0.037575,-0.99496,0.41287,-0.63308,-0.65479,0.1679,1.0123,2.0493
2.983,4.2952,2.6657,0.08969,15.878,0.89752,-0.074335,-1.3217,-7.3365,-0.046948,-0.89016,0.40079,-0.63331,-0.66203,0.21039,1.0389,2.0502
2.8102,4.3165,2.4546,0.10184,15.019,0.90843,0.23447,-1.2806,-6.5495,-0.054878,-0.5634,0.37959,-0.63968,-0.66837,0.25777,1.0671,2.0512
2.6729,4.3181,2.2461,0.11065,14.324,0.91982,0.30805,-1.0858,-6.9364,-0.060278,-0.38534,0.35586,-0.6485,-0.67292,0.30745,1.0941,2.0525
2.5777,4.3208,2.1038,0.11989,13.853,0.93252,0.36474,-0.98792,-6.766,-0.064461,-0.27325,0.33762,-0.65454,-0.67645,0.3627,1.1218,2.0539
2.4698,4.3087,1.9779,0.12834,13.373,0.94698,0.3888,-0.84017,-6.4115,-0.067671,-0.17065,0.32204,-0.65949,-0.67924,0.42554,1.1515,2.0557
2.3268,4.2506,1.8136,0.13162,12.723,0.96211,0.28641,-0.69382,-5.7238,-0.070262,-0.17179,0.30497,-0.66511,-0.68163,0.49112,1.1806,2.0577
2.1998,4.1812,1.6478,0.13425,12.127,0.97628,0.14008,-0.73148,-4.5764,-0.073424,-0.27446,0.2861,-0.67052,-0.68451,0.55171,1.2054,2.0597
2.083,4.1009,1.4965,0.1343,11.574,0.99058,0.05484,-0.66495,-3.2119,-0.077351,-0.27511,0.26917,-0.67406,-0.68789,0.61179,1.2281,2.0616
1.9957,4.0174,1.4038,0.13579,11.168,1.0128,-0.099705,-0.64045,-4.0773,-0.08526,-0.43527,0.25739,-0.67247,-0.69393,0.70342,1.2606,2.0647
1.9194,3.9361,1.3057,0.13471,10.779,1.034,-0.26604,-0.40413,-3.7526,-0.095151,-0.50139,0.23576,-0.67237,-0.70167,0.78846,1.2897,2.0676
1.7163,3.7382,0.95459,0.11325,9.6972,1.0877,-0.1487,-0.32394,-3.0199,-0.11701,-0.31273,0.19512,-0.66791,-0.71821,1.0021,1.3522,2.0743
1.567,3.5559,0.71983,0.10695,8.8776,1.1454,-0.059435,-0.14484,-3.0193,-0.13111,-0.17592,0.15773,-0.66608,-0.72901,1.2194,1.4011,2.0809
1.421,3.3396,0.54453,0.098163,8.1201,1.2109,0.046192,-0.017535,-2.4778,-0.13783,-0.029102,0.1277,-0.66653,-0.73446,1.4533,1.4438,2.0879
1.2619,3.0783,0.35563,0.079712,7.2816,1.2984,0.070035,0.092272,-2.2401,-0.13812,0.022532,0.09595,-0.67064,-0.73555,1.7466,1.4841,2.0962
1.1373,2.8588,0.21361,0.054606,6.6143,1.4018,0.057709,0.077975,-2.0214,-0.13567,0.024851,0.065424,-0.67536,-0.73458,2.0656,1.5139,2.1033
1.0319,2.6488,0.10817,0.03283,6.028,1.5269,-0.010017,0.22164,-1.7981,-0.13557,-0.023231,0.041912,-0.67688,-0.7349,2.4235,1.5348,2.109
1.0024,2.5906,0.084138,0.019521,5.8678,1.5774,-0.01439,0.31519,-1.4767,-0.13654,-0.015272,0.023284,-0.67683,-0.73577,2.5574,1.5396,2.1104
0.9278,2.4445,0.036827,-0.030614,5.472,1.738,0.0091637,0.40174,-1.1176,-0.13542,0.029207,0.0049485,-0.67809,-0.73496,2.9734,1.5496,2.1094
0.89798,2.3851,0.017784,-0.049921,5.3129,1.802,0.017571,0.42264,-0.92765,-0.1332,0.040129,-0.014697,-0.67994,-0.73312,3.1299,1.5514,2.1068
0.80965,2.1765,-0.018071,-0.1079,4.8059,2.0115,-0.0097259,0.5861,-0.69481,-0.12692,0.019828,-0.037636,-0.68452,-0.72802,3.6294,1.5514,2.0895
0.77126,2.0853,-0.033418,-0.13358,4.5851,2.1084,0.018908,0.37336,-0.58528,-0.12353,0.050308,-0.057754,-0.68676,-0.72459,3.8402,1.5488,2.0776
0.75373,2.045,-0.028036,-0.15799,4.4823,2.3387,0.039488,-0.032678,-0.26381,-0.11081,0.060132,-0.06277,-0.69589,-0.7154,4.3202,1.54,2.0418
0.77933,2.1082,0.0029871,-0.15909,4.6263,2.6327,0.059486,-0.40677,-0.073505,-0.092521,0.064274,-0.051421,-0.70896,-0.70338,4.9214,1.5362,1.9955
0.80949,2.1739,0.021617,-0.13079,4.7978,2.9179,0.052379,-0.50781,-0.17791,-0.075093,0.057925,-0.033826,-0.72102,-0.69209,5.523,1.5404,1.9538
0.84109,2.2375,0.034962,-0.085785,4.978,3.2708,0.028454,-0.40418,-0.38216,-0.058389,0.036759,-0.016142,-0.73228,-0.68082,6.2905,1.5503,1.9162
0.86153,2.2917,0.039118,-0.060433,5.101,3.6139,0.021354,-0.32915,-0.41948,-0.047486,0.026784,-0.0054233,-0.73948,-0.67316,7.0585,1.5634,1.8926
0.87864,2.3531,0.03648,-0.042133,5.2117,4.0459,0.022966,-0.32884,-0.30528,-0.036662,0.023328,-0.00080957,-0.74665,-0.66522,8.0486,1.5796,1.8707
0.88526,2.3799,0.034465,-0.032533,5.2561,4.3067,0.025777,-0.30986,-0.26186,-0.030378,0.024864,0.0020427,-0.75077,-0.66056,8.6623,1.5888,1.8612
0.88293,2.3855,0.033337,-0.021566,5.2475,4.847,0.043868,-0.23698,-0.36548,-0.011815,0.043855,0.004868,-0.76286,-0.64654,9.9481,1.607,1.8466
0.88187,2.3922,0.033596,-0.012247,5.2452,5.386,0.057705,-0.16817,-0.4545,0.015545,0.057664,0.0072959,-0.78023,-0.62545,11.234,1.625,1.8379
0.88378,2.3986,0.034305,-0.0116,5.2566,5.7895,0.025318,-0.16595,-0.22042,0.032024,0.024008,0.0082926,-0.79042,-0.61251,12.199,1.6387,1.8331
0.88533,2.4052,0.034329,-0.011093,5.2664,6.489,0.025789,-0.16267,-0.21945,0.04898,0.024476,0.0084954,-0.80069,-0.59902,13.877,1.6626,1.8252
1.0056,2.9624,0.00061994,0.0037028,6.1677,0,0.0019093,-0.0019832,-0.008431,0,0.0018983,0.0010557,-0.66203,-0.74948,-2.8306,0.98778,2.0497
1.0059,2.9617,0.00078389,0.0036159,6.1657,0.15231,-0.0019628,-0.026858,0.0089586,-4.6153e-06,-0.0019589,0.0010557,-0.66202,-0.74948,-2.3794,0.988,2.0502
1.0135,2.9932,-0.0046186,0.0079094,6.2233,0.2819,0.00058478,-0.071111,0.001294,-8.6319e-05,0.00069792,0.0015405,-0.66196,-0.74953,-1.9956,0.98778,2.0509
1.0075,2.9613,0.0053603,0.0083729,6.1779,0.41012,0.00088621,-0.017981,-0.018535,9.794e-06,0.00080125,0.0028754,-0.66203,-0.74947,-1.6118,0.98775,2.052
1.0065,2.9572,0.0070543,0.0086667,6.171,0.45312,-0.0040095,-0.014836,0.030958,-5.8002e-05,-0.0039542,0.0029749,-0.66198,-0.74951,-1.4844,0.98805,2.0523
1.0199,3.0058,-0.010425,0.010719,6.2424,0.55545,-0.0020683,-0.070384,0.04376,-0.00034567,-0.0016681,0.001248,-0.66177,-0.74971,-1.1818,0.98795,2.0533
1.0193,3.0027,-0.0052009,0.010394,6.2453,0.60521,0.006308,0.00057621,-0.015275,-0.00023158,0.0062541,0.0025772,-0.66185,-0.74963,-1.0322,0.9874,2.0539
0.99776,2.9429,0.016418,0.010988,6.1455,0.69723,-0.011068,-0.068024,0.08754,-0.0004555,-0.011121,0.0042972,-0.66169,-0.74977,-0.75593,0.98837,2.0548
1.0344,3.0177,-0.0095684,0.013142,6.2861,0.75313,-0.0059087,0.050481,0.26329,-0.00090384,-0.0049221,0.0042957,-0.66135,-0.75007,-0.59144,0.98852,2.0555
1.091,3.1441,0.046244,0.026034,6.5268,0.83725,0.065115,-0.2121,1.6267,0.0020628,0.075454,0.040959,-0.66259,-0.74786,-0.33759,0.98879,2.0569
2.0143,3.8238,1.0375,0.046677,10.787,0.91218,-0.12498,-0.36505,9.6392,0.0010442,-0.10264,0.14423,-0.64838,-0.74753,-0.10403,1.0136,2.0591
2.2607,3.9186,1.4204,0.05472,12.07,0.92704,-0.17966,-0.38084,9.6178,-0.00099863,-0.1724,0.24253,-0.61827,-0.74761,-0.04795,1.0314,2.0598
2.6877,4.1582,2.0934,0.058169,14.323,0.95855,-0.31896,-0.76691,8.0149,-0.012058,-0.52956,0.29297,-0.58773,-0.75415,0.072345,1.0839,2.0615
2.8103,4.242,2.3103,0.05822,14.978,0.9703,-0.34885,-1.1438,4.8882,-0.019838,-0.79445,0.31811,-0.56827,-0.75887,0.12075,1.1094,2.0622
2.8781,4.3264,2.4617,0.064228,15.357,0.98185,-0.33494,-1.3085,3.9903,-0.029545,-0.88664,0.32547,-0.55574,-0.765,0.1695,1.1365,2.0629
2.9285,4.3878,2.5296,0.070143,15.612,0.9897,-0.25992,-1.4085,0.70065,-0.03663,-0.91888,0.32863,-0.54767,-0.76945,0.20337,1.156,2.0634
2.9971,4.4502,2.6055,0.075953,15.946,0.99668,-0.19876,-1.3885,0.32408,-0.042871,-0.86818,0.32984,-0.5414,-0.77337,0.23397,1.1737,2.0639
3.0338,4.5173,2.6583,0.083704,16.13,1.0047,-0.021865,-1.3771,-3.039,-0.049427,-0.76572,0.3217,-0.54021,-0.77761,0.26962,1.1947,2.0645
2.6789,4.6021,2.2678,0.11758,14.495,1.045,0.42273,-0.76719,-5.9038,-0.066779,-0.095194,0.29719,-0.53801,-0.78881,0.45493,1.2961,2.0687
2.5544,4.5775,2.1721,0.12321,14.007,1.0651,0.29132,-0.60431,-6.5849,-0.069306,-0.15594,0.27857,-0.54497,-0.79083,0.54792,1.341,2.0712
2.3758,4.4888,1.997,0.11741,13.252,1.0839,0.12681,-0.50436,-7.4593,-0.073269,-0.26733,0.26507,-0.54771,-0.79357,0.63401,1.3808,2.0735
2.2357,4.3856,1.82,0.11343,12.591,1.0978,0.0022676,-0.60181,-6.5021,-0.077796,-0.38379,0.24835,-0.55098,-0.79671,0.69679,1.4077,2.0751
2.1052,4.2666,1.6295,0.11364,11.925,1.1144,-0.012324,-0.58707,-6.4943,-0.084157,-0.38245,0.2274,-0.55374,-0.80104,0.77005,1.4369,2.077
1.9362,4.1245,1.3021,0.11496,10.962,1.1653,-0.077641,-0.52312,-5.4259,-0.10346,-0.37561,0.19413,-0.54866,-0.8132,0.98961,1.5136,2.0829
1.7273,3.8921,0.95232,0.11441,9.8143,1.2202,0.023221,-0.16893,-3.6841,-0.11715,-0.12274,0.15831,-0.547,-0.82202,1.2185,1.577,2.0896
1.5483,3.6293,0.69257,0.1099,8.8325,1.2795,0.062488,-0.089851,-2.59,-0.12175,-0.032487,0.13378,-0.54857,-0.82533,1.4508,1.6266,2.0965
1.4847,3.5259,0.60569,0.10855,8.4851,1.3098,0.03648,-0.0327,-3.2673,-0.12328,-0.068688,0.12055,-0.54974,-0.82659,1.5607,1.6465,2.0999
1.4446,3.4614,0.55641,0.10324,8.2755,1.335,0.034296,0.050295,-2.6003,-0.12458,-0.034718,0.10769,-0.55073,-0.82771,1.6497,1.6612,2.1026
1.3042,3.2333,0.38317,0.077827,7.5423,1.4292,0.077737,-0.0017415,-1.8357,-0.12466,0.033103,0.08745,-0.55345,-0.82828,1.9767,1.7076,2.1114
1.1783,2.988,0.24705,0.053127,6.848,1.542,0.025901,0.14546,-1.6355,-0.12229,0.0088159,0.060992,-0.55812,-0.82752,2.3422,1.7447,2.119
1.0795,2.7958,0.15254,0.021628,6.3111,1.6646,0.022494,0.26426,-1.2616,-0.12009,0.027112,0.035873,-0.56161,-0.82662,2.7089,1.7688,2.1239
0.98377,2.6092,0.073586,-0.018375,5.7994,1.8159,0.047596,0.36187,-1.0998,-0.11308,0.065519,0.0091758,-0.56848,-0.82265,3.1324,1.7865,2.1242
0.87469,2.3542,0.012456,-0.079935,5.1775,2.0099,-0.0078521,0.60394,-0.85568,-0.10436,0.024383,-0.025587,-0.57619,-0.81692,3.6384,1.7953,2.1141
0.78953,2.1545,-0.030174,-0.13393,4.6911,2.2248,-0.043394,0.60307,-0.49206,-0.10402,-0.021209,-0.053873,-0.57629,-0.81547,4.144,1.7915,2.0889
0.78145,2.1394,-0.016991,-0.16087,4.644,2.5134,0.01674,-0.14061,-0.2752,-0.10153,0.038441,-0.063253,-0.57859,-0.81316,4.7655,1.7844,2.0458
0.80167,2.1858,0.0034595,-0.15093,4.7588,2.797,0.030088,-0.47963,-0.16555,-0.090319,0.040664,-0.052447,-0.58771,-0.80737,5.3721,1.7825,2
0.84282,2.2725,0.025897,-0.10161,4.9939,3.1496,0.021371,-0.4133,-0.15658,-0.078981,0.023638,-0.030251,-0.5967,-0.80189,6.1435,1.7876,1.9563
0.87204,2.3417,0.039279,-0.066848,5.1646,3.4893,0.021652,-0.33522,-0.21987,-0.07118,0.022294,-0.013309,-0.60271,-0.79785,6.9157,1.7991,1.9293
0.89575,2.4151,0.046849,-0.044039,5.3127,3.9134,0.029298,-0.3194,-0.33257,-0.060269,0.029156,-0.0029086,-0.61119,-0.79148,7.909,1.8171,1.9062
0.90858,2.4599,0.050137,-0.026796,5.3959,4.3247,0.031611,-0.27171,-0.38608,-0.048047,0.030271,0.0033604,-0.62069,-0.78405,8.9024,1.8375,1.8924
0.90079,2.4533,0.040986,-0.015347,5.3567,4.8484,0.027045,-0.19345,-0.29547,-0.033403,0.025658,0.0055713,-0.63206,-0.7749,10.191,1.8615,1.8814
0.89436,2.4462,0.033615,-0.0081379,5.3236,5.3735,0.023571,-0.13263,-0.22625,-0.020759,0.022499,0.0062598,-0.6418,-0.76685,11.479,1.8805,1.8758
0.89574,2.4522,0.033627,-0.0076557,5.3324,6.0594,0.02391,-0.12959,-0.22561,-0.0052124,0.022835,0.0064568,-0.65364,-0.75678,13.157,1.9035,1.8704
1.0078,2.9742,-0.00082959,0.0054327,6.1889,0,0.0021438,-0.0055958,-0.011373,0,0.0021246,0.0012111,-0.60454,-0.79657,-3.0729,1.1754,2.0651
1.0045,2.9567,0.0019623,0.0028581,6.1567,0.15171,0.0012004,0.0020374,-0.0058962,0.00025189,0.0011961,0.0012111,-0.60475,-0.79642,-2.6217,1.1754,2.0657
1.0089,2.9737,-0.0010862,0.0050923,6.1877,0.30795,-0.0018532,-0.047504,0.017105,0.0002042,-0.0018066,0.0012108,-0.60471,-0.79645,-2.1597,1.1757,2.0662
1.0125,2.9848,-0.0020164,0.008494,6.2132,0.44231,0.0045366,-0.046013,-0.022195,0.00038545,0.0045046,0.0021552,-0.60485,-0.79633,-1.7602,1.1752,2.0672
1.0046,2.9531,0.010393,0.0085891,6.164,0.55771,-0.00094941,0.0025659,-0.018003,0.00058808,-0.00099273,0.002764,-0.60501,-0.79621,-1.4157,1.1757,2.0682
1.028,3.0249,-0.012497,0.010109,6.2864,0.67593,0.001394,0.018599,0.18734,0.00064427,0.0019432,0.001346,-0.60506,-0.79618,-1.0666,1.1756,2.0693
1.0141,2.9871,-0.0034471,0.010496,6.2184,0.73664,0.0054807,-0.03196,0.0036291,0.00087113,0.0055303,0.0027553,-0.60524,-0.79604,-0.88293,1.1749,2.0699
1.0153,3.0045,0.016202,0.012658,6.2651,0.82963,-0.0023889,0.0069386,-0.45563,0.00092968,-0.004271,0.0054196,-0.60527,-0.796,-0.60519,1.1759,2.0709
1.0015,2.9554,0.0047826,0.015516,6.172,0.87801,0.030252,-0.19872,-0.8008,0.0014487,0.025726,0.0084968,-0.60567,-0.79567,-0.4598,1.1764,2.0716
1.1875,3.2112,0.17257,0.021902,6.9684,0.96373,-0.023678,-0.37859,4.3396,0.001934,-0.014404,0.032866,-0.60541,-0.79523,-0.20653,1.1794,2.073
1.3872,3.437,0.36392,0.032786,7.871,0.98474,-0.06566,-0.27111,5.2695,0.0013218,-0.043852,0.075887,-0.60151,-0.79525,-0.13916,1.1847,2.0735
1.6588,3.6588,0.7104,0.042676,9.1797,1.0089,-0.1484,-0.21414,7.3184,-0.00045138,-0.10269,0.12311,-0.59289,-0.79581,-0.056456,1.197,2.0744
1.9265,3.8616,1.0901,0.043449,10.531,1.0293,-0.27857,-0.31683,8.5292,-0.0041657,-0.2618,0.16965,-0.57898,-0.7975,0.017433,1.2145,2.0753
2.1596,4.0328,1.4319,0.041704,11.733,1.0455,-0.32185,-0.74768,9.2364,-0.010016,-0.46343,0.20769,-0.56206,-0.8006,0.079099,1.2342,2.076
2.4052,4.2007,1.7818,0.046116,13.004,1.0615,-0.42672,-1.0967,8.981,-0.019607,-0.73027,0.2367,-0.54257,-0.80597,0.14314,1.2592,2.0766
2.6472,4.4099,2.0795,0.05872,14.189,1.0792,-0.3451,-1.2254,7.0539,-0.032685,-0.74978,0.25397,-0.52334,-0.8134,0.21671,1.2922,2.0775
2.7768,4.6471,2.2686,0.080177,14.82,1.1002,-0.061999,-1.0987,2.3227,-0.045832,-0.50164,0.26106,-0.50806,-0.82081,0.30905,1.3365,2.0789
2.8593,4.7636,2.3859,0.092782,15.244,1.1098,0.028995,-0.84269,0.53643,-0.049882,-0.34206,0.26731,-0.50126,-0.82297,0.35358,1.3585,2.0798
2.966,4.8597,2.5353,0.10203,15.804,1.1203,0.066339,-0.77989,0.51024,-0.053224,-0.29236,0.27453,-0.49448,-0.82469,0.40359,1.384,2.0808
3.0175,4.9199,2.6431,0.11098,16.12,1.1284,0.14434,-0.7633,-2.4875,-0.055553,-0.28346,0.28039,-0.48921,-0.82586,0.44275,1.4048,2.0816
2.9703,4.9206,2.6379,0.12027,15.962,1.1361,0.12613,-0.73908,2.3405,-0.057367,-0.18758,0.2795,-0.48799,-0.82689,0.4806,1.4252,2.0825
2.8356,4.862,2.507,0.12005,15.365,1.1434,0.17425,-0.52458,-1.0429,-0.058438,-0.1084,0.2732,-0.49028,-0.82764,0.51637,1.444,2.0834
2.6981,4.8097,2.3799,0.12214,14.765,1.1542,0.23919,-0.40271,-3.4308,-0.059255,-0.042298,0.26515,-0.49359,-0.82829,0.56929,1.4707,2.0847
2.6036,4.7584,2.2713,0.11825,14.347,1.1645,0.19863,-0.42842,-3.4706,-0.059897,-0.083105,0.25871,-0.49613,-0.82881,0.61876,1.4947,2.086
2.5634,4.7404,2.2386,0.11594,14.196,1.1738,0.20784,-0.065407,-4.8494,-0.060038,0.052742,0.25491,-0.49781,-0.82898,0.6631,1.5158,2.0871
2.4967,4.7187,2.2036,0.11468,13.957,1.1927,0.2377,0.098353,-5.0843,-0.058171,0.14499,0.24535,-0.50391,-0.82818,0.75278,1.5577,2.0892
2.1906,4.5321,1.7014,0.12093,12.387,1.2426,0.10073,-0.17969,-5.7166,-0.057338,-0.11161,0.21847,-0.51576,-0.82841,0.99165,1.66,2.0952
1.9464,4.2773,1.3008,0.12631,11.067,1.3014,0.068195,-0.1245,-5.4262,-0.064277,-0.12424,0.1888,-0.51996,-0.83307,1.2619,1.75,2.103
1.8925,4.2156,1.2298,0.12438,10.796,1.315,0.04837,-0.1052,-4.804,-0.065933,-0.11904,0.17,-0.52409,-0.83452,1.3202,1.7674,2.1048
1.6467,3.8604,0.85575,0.11183,9.4526,1.3849,0.007305,0.033882,-3.051,-0.072598,-0.071791,0.14345,-0.52503,-0.83891,1.617,1.8446,2.1135
1.4565,3.5597,0.57271,0.096088,8.4051,1.4684,0.081159,-0.068772,-2.6338,-0.075638,-0.00098806,0.11568,-0.52802,-0.84132,1.9412,1.9075,2.1225
1.423,3.5018,0.5285,0.091418,8.2213,1.4908,0.067605,-0.031258,-3.0168,-0.075824,-0.015686,0.097201,-0.53077,-0.84192,2.0208,1.9198,2.1246
1.2852,3.2404,0.36639,0.063575,7.4616,1.5982,-0.0017696,0.12424,-2.4166,-0.078543,-0.034905,0.081889,-0.53049,-0.84372,2.3981,1.9706,2.1333
1.2479,3.1706,0.32063,0.056519,7.2551,1.6265,-0.012364,0.1519,-1.8815,-0.079466,-0.030382,0.065093,-0.53152,-0.84454,2.4898,1.9803,2.135
1.1407,2.9676,0.21731,0.025353,6.6822,1.7631,0.0058345,0.20997,-1.4966,-0.080968,0.0084009,0.045228,-0.53193,-0.84558,2.9235,2.0186,2.1407
1.0293,2.7339,0.12111,-0.015633,6.0655,1.9095,0.0078705,0.40272,-1.1298,-0.078002,0.032139,0.016448,-0.53604,-0.84403,3.3582,2.0434,2.1418
0.90047,2.4418,0.028751,-0.077383,5.338,2.098,-0.010046,0.67131,-1.0453,-0.072053,0.030968,-0.012918,-0.54193,-0.84032,3.8738,2.0583,2.1325
0.86876,2.3693,0.0071271,-0.093864,5.1583,2.1576,-0.012979,0.66387,-0.84226,-0.070462,0.022368,-0.035319,-0.54344,-0.8387,4.0194,2.0593,2.1273
0.81141,2.2336,-0.014611,-0.14374,4.8275,2.4237,0.003356,0.43276,-0.36107,-0.064331,0.023711,-0.053555,-0.54855,-0.8344,4.6495,2.0581,2.0946
0.7901,2.1833,-0.021923,-0.16335,4.7044,2.5455,0.093002,-0.12866,-0.13973,-0.056531,0.10445,-0.064952,-0.55495,-0.82934,4.9213,2.0559,2.0757
0.80662,2.2192,-0.0069558,-0.14817,4.7985,2.827,0.088719,-0.41991,-0.0019604,-0.02916,0.089965,-0.054557,-0.57756,-0.81452,5.536,2.0506,2.0293
0.85372,2.3239,0.023076,-0.10108,5.0685,3.1773,0.04865,-0.42455,-0.13598,-0.0045937,0.050298,-0.030705,-0.59736,-0.80139,6.3139,2.0534,1.9865
0.88454,2.4022,0.040398,-0.070516,5.2512,3.5122,0.035722,-0.38495,-0.19488,0.0096816,0.034949,-0.012884,-0.60851,-0.79344,7.0924,2.0645,1.9593
0.91192,2.4825,0.053264,-0.042705,5.4205,3.9278,0.032915,-0.36378,-0.17023,0.022766,0.028028,-0.0011272,-0.61863,-0.78569,8.0907,2.0837,1.9361
0.92172,2.5177,0.056166,-0.023712,5.4853,4.3299,0.041499,-0.30065,-0.21459,0.035802,0.036802,0.0066837,-0.62864,-0.77767,9.0891,2.1062,1.9236
0.9205,2.5254,0.053649,-0.0065006,5.4849,4.8431,0.0618,-0.20671,-0.3024,0.060171,0.058173,0.011609,-0.6473,-0.76214,10.381,2.1342,1.9158
0.92182,2.5345,0.054319,0.0031194,5.4964,5.3547,0.072587,-0.1447,-0.34431,0.092716,0.069046,0.015071,-0.67169,-0.74068,11.673,2.1616,1.916
0.92571,2.5468,0.057322,0.0047374,5.5209,6.0178,0.075169,-0.14706,-0.34408,0.13921,0.071201,0.015821,-0.70538,-0.70865,13.354,2.1985,1.9186
1.0066,2.969,-0.00044048,0.0042681,6.1789,0,-0.0029904,-0.014688,0.0046012,0,-0.0029816,-0.0012432,0.55456,0.83214,-3.3152,1.3629,2.0805
1.0062,2.9653,0.00061939,0.0039397,6.1726,0.18567,0.0015396,-0.0018204,-0.0091706,-0.00013504,0.001527,-0.0012432,0.55445,0.83222,-2.7639,1.3628,2.0814
1.0042,2.955,0.003073,0.0025298,6.1531,0.34145,-0.0043471,-0.023383,0.019563,-0.00035529,-0.0043547,-0.0012528,0.55426,0.83234,-2.302,1.3632,2.0818
1.0131,2.988,-0.0042803,0.0072049,6.2151,0.47666,-0.0020817,-0.063011,0.020733,-0.00078094,-0.0019415,-0.0012594,0.55391,0.83258,-1.9024,1.3632,2.0825
1.0145,2.9925,-0.0046852,0.0086638,6.2258,0.53377,0.0043318,-0.054958,-0.024397,-0.00071224,0.0043472,-0.0020049,0.55397,0.83254,-1.7318,1.3628,2.0829
1.0051,2.9575,0.0082053,0.0088398,6.1674,0.65044,0.00025212,-0.027936,-0.0073914,-0.00044975,0.00015252,-0.0035811,0.55418,0.83239,-1.3826,1.363,2.084
1.0028,2.9499,0.012318,0.0087866,6.155,0.68402,-0.0018843,-0.022625,-0.090456,-0.00048493,-0.0022482,-0.0036808,0.55415,0.83241,-1.2833,1.3634,2.0843
1.0192,2.9945,-0.0091931,0.0097886,6.2304,0.79037,0.0028975,0.00074126,0.092015,-0.00043453,0.0031959,-0.0015957,0.5542,0.83238,-0.96961,1.3636,2.0852
1.0211,2.9946,-0.017076,0.009618,6.2238,0.83043,0.010193,-0.00112,0.10926,-0.0001592,0.01055,-0.00041464,0.55442,0.83224,-0.84965,1.363,2.0856
1.0176,2.9954,-0.0055588,0.010499,6.2355,0.87681,-0.0091713,-0.0029303,0.18912,-0.00011172,-0.008503,-0.0017685,0.55447,0.8322,-0.71075,1.3625,2.0861
1.0255,3.0153,-0.00012339,0.014316,6.28,0.92426,-0.013812,-0.16652,0.22956,-0.00061512,-0.012715,-0.0038095,0.55405,0.83248,-0.56862,1.3624,2.0867
1.034,3.0437,0.002967,0.016534,6.3439,0.98124,-0.0042714,-0.099692,-0.10124,-0.0011175,-0.0049184,-0.0052427,0.55363,0.83275,-0.39681,1.3624,2.0876
1.0392,3.0491,0.018165,0.014184,6.3593,1.0156,-0.026363,-0.00050377,0.48433,-0.001616,-0.024112,-0.0073196,0.55321,0.83301,-0.29228,1.3627,2.0881
1.0634,3.0909,0.037644,0.01519,6.4589,1.0347,-0.053768,-0.088576,0.97363,-0.0023247,-0.050058,-0.015095,0.55252,0.83336,-0.23402,1.3632,2.0884
1.1792,3.2478,0.16146,0.027222,6.9718,1.0708,0.071479,-0.26902,2.3704,-0.0018224,0.077874,-0.033312,0.55233,0.83296,-0.12243,1.3665,2.0891
1.3028,3.4133,0.30665,0.030607,7.5555,1.0942,0.086365,-0.08194,3.4391,0.00037176,0.1094,-0.057837,0.55247,0.83153,-0.046417,1.3717,2.0898
1.478,3.6333,0.52252,0.030495,8.4063,1.1173,0.13962,0.017894,5.6596,0.0037999,0.18776,-0.090538,0.55137,0.82934,0.032133,1.3806,2.0905
1.8025,3.9643,0.94113,0.034041,10.005,1.1443,0.13559,-0.055768,8.3017,0.008884,0.1884,-0.13547,0.54697,0.82612,0.1296,1.3991,2.0913
2.1317,4.2598,1.367,0.045375,11.63,1.1654,0.018362,-0.23834,9.3104,0.011274,0.039087,-0.18106,0.53636,0.82434,0.21203,1.4222,2.0921
2.4713,4.5558,1.8095,0.068548,13.302,1.1892,-0.13825,-0.59673,8.8466,0.0090623,-0.22503,-0.21602,0.52196,0.82516,0.3121,1.4584,2.0933
2.6689,4.7399,2.078,0.087796,14.292,1.209,-0.25331,-0.6292,7.1569,0.0032224,-0.36317,-0.23464,0.50908,0.82812,0.40185,1.4961,2.0949
2.6755,4.7835,2.141,0.099996,14.384,1.2194,-0.20684,-0.69246,5.0243,-0.00060621,-0.37575,-0.24222,0.50227,0.83009,0.45089,1.5178,2.0958
2.6739,4.8295,2.2001,0.11245,14.446,1.231,-0.087518,-0.59652,2.6314,-0.0043528,-0.27113,-0.24629,0.49702,0.83206,0.5062,1.5428,2.0971
2.6974,4.8852,2.2809,0.12503,14.616,1.2403,0.046187,-0.58245,2.3675,-0.0063283,-0.14962,-0.25146,0.49282,0.83301,0.55146,1.5636,2.0982
2.7646,4.9587,2.4381,0.12178,15.088,1.2566,0.18997,-0.064732,0.36157,-0.0063265,0.14984,-0.25937,0.48904,0.83281,0.63054,1.6013,2.1001
2.7938,5.002,2.5224,0.12041,15.313,1.2653,0.23225,0.024512,-3.195,-0.0050261,0.1497,-0.26532,0.4873,0.83195,0.67344,1.6228,2.1012
2.7723,5.0097,2.5341,0.11849,15.273,1.2721,0.12098,0.087977,1.4765,-0.0039113,0.17879,-0.26539,0.4883,0.83134,0.70737,1.64,2.102
2.6858,4.964,2.4598,0.11439,14.913,1.2805,0.15277,0.14547,1.3207,-0.002185,0.22869,-0.2619,0.49164,0.83048,0.74991,1.6612,2.103
2.5862,4.8983,2.3189,0.11347,14.422,1.2893,0.15437,0.026422,-2.4116,-0.00073887,0.10032,-0.25472,0.49646,0.82985,0.79369,1.6826,2.104
2.5063,4.8464,2.1859,0.11481,14.006,1.2975,0.13827,-0.04684,-2.6584,-0.00012482,0.049368,-0.24411,0.50191,0.82976,0.83406,1.7012,2.1049
2.4087,4.8052,2.0003,0.12222,13.486,1.3177,0.11183,-0.23016,-3.9793,-0.00041985,-0.078626,-0.23126,0.50717,0.83024,0.93249,1.7437,2.1074
2.2548,4.7207,1.7653,0.14133,12.731,1.3724,0.075495,-0.13861,-5.6197,-0.0062763,-0.13537,-0.21633,0.50782,0.83386,1.1976,1.848,2.1149
2.1299,4.6114,1.6205,0.13512,12.165,1.3962,0.012161,-0.056137,-5.4854,-0.0097661,-0.15871,-0.2023,0.5098,0.83617,1.31,1.8888,2.1183
1.9894,4.4149,1.385,0.12976,11.373,1.426,0.089238,-0.0093079,-4.5126,-0.012793,-0.044176,-0.18202,0.51378,0.83839,1.4483,1.935,2.1223
1.7795,4.126,1.0526,0.11932,10.223,1.4957,0.082454,0.011483,-4.295,-0.015643,-0.037606,-0.15486,0.51886,0.84072,1.7589,2.0217,2.1315
1.5882,3.8425,0.77746,0.096308,9.2064,1.5767,0.014687,0.023084,-3.2291,-0.019611,-0.060334,-0.1255,0.52204,0.84363,2.0954,2.0979,2.1406
1.3835,3.4788,0.49213,0.065465,8.0577,1.6738,-0.018625,0.13883,-2.6604,-0.024898,-0.048556,-0.095356,0.5228,0.84711,2.4704,2.1636,2.1489
1.2675,3.2564,0.36051,0.044297,7.4187,1.7822,0.0074295,0.1467,-1.7095,-0.027506,0.00041447,-0.067559,0.52415,0.84894,2.8481,2.2116,2.155
1.1314,2.9817,0.21325,0.013652,6.659,1.9151,-0.034235,0.29625,-1.7403,-0.028872,-0.020963,-0.040125,0.52538,0.84992,3.2817,2.25,2.1594
0.99906,2.695,0.10271,-0.042158,5.9221,2.0926,-0.035907,0.54128,-1.5246,-0.029972,0.0085635,-0.0069898,0.52626,0.8503,3.8114,2.2797,2.1566
0.89871,2.4627,0.031896,-0.093072,5.3476,2.2892,-0.027296,0.5436,-1.0354,-0.027275,0.018861,0.027654,0.52933,0.84796,4.3415,2.2915,2.1424
0.79674,2.2128,-0.026503,-0.15301,4.7511,2.5501,-0.01835,0.45406,-0.56331,-0.022842,0.015125,0.055197,0.53316,0.84421,4.9835,2.2922,2.1084
0.80715,2.2348,-0.015061,-0.14291,4.8119,2.8399,0.090362,-0.3845,-0.16772,-0.005656,0.10346,0.055104,0.54762,0.83491,5.6248,2.284,2.0631
0.85923,2.3572,0.022524,-0.10443,5.1157,3.1922,0.067272,-0.45776,0.052958,0.023219,0.06049,0.034468,0.57153,0.81986,6.4124,2.2853,2.0206
0.87805,2.4049,0.034408,-0.087768,5.2268,3.3715,0.05918,-0.4488,0.021418,0.0333,0.051938,0.019521,0.5796,0.81467,6.8352,2.2906,2.0037
0.90839,2.4908,0.050734,-0.05588,5.4109,3.7896,0.042808,-0.42331,-0.13399,0.051931,0.037175,0.0063432,0.59446,0.8041,7.841,2.3081,1.9742
0.92956,2.5537,0.062892,-0.029814,5.5421,4.1935,0.031872,-0.36414,-0.23484,0.064613,0.025636,-0.0049244,0.60436,0.7967,8.8469,2.3313,1.9577
0.93189,2.5695,0.062676,-0.0091433,5.5631,4.7017,0.024588,-0.25176,-0.168,0.075965,0.019039,-0.011841,0.61319,0.78984,10.145,2.3632,1.9479
0.93176,2.5765,0.060433,0.0046745,5.5677,5.2068,0.018942,-0.15773,-0.11781,0.084568,0.015024,-0.015244,0.61988,0.78454,11.443,2.3942,1.9478
0.93217,2.5807,0.060363,0.0042483,5.5728,5.8608,0.01777,-0.15971,-0.11773,0.094005,0.013837,-0.015411,0.62726,0.77866,13.128,2.4336,1.9507
1.0042,2.959,0.00073936,0.0022662,6.1596,0,-0.0022343,-0.020163,0.0064364,0,-0.0022344,-0.001203,0.33728,0.9414,-3.5575,1.5505,2.0959
1.0088,2.978,-0.0019341,0.0057019,6.1962,0.19176,0.0025322,-0.021504,-0.014388,2.7252e-05,0.0025186,-0.001203,0.3373,0.94139,-2.9901,1.5504,2.0966
1.0047,2.9584,0.0025234,0.0030698,6.1596,0.35627,0.0045752,-0.0068711,-0.011708,0.00060925,0.0045572,-0.0012033,0.33785,0.9412,-2.5002,1.5504,2.0973
1.0032,2.9511,0.0044502,0.0020849,6.1458,0.4382,-0.0048689,-0.019769,0.024004,0.00059596,-0.0048817,-0.0013452,0.33784,0.9412,-2.2578,1.5508,2.0975
1.0126,2.9852,-0.0037198,0.0070943,6.2105,0.58295,-0.0061274,-0.061822,0.023103,-0.0001913,-0.0059954,-0.0019276,0.3371,0.94147,-1.8306,1.5508,2.0982
1.0103,2.9762,0.0026237,0.0092189,6.2001,0.7275,0.0042815,-0.032778,-0.046466,-0.00032766,0.0041086,-0.0031118,0.33697,0.94151,-1.3991,1.5503,2.0995
1.01,2.9728,0.0067488,0.0091349,6.1952,0.85507,-0.0020359,-0.021683,-0.045432,-0.0002075,-0.0022247,-0.0032951,0.33708,0.94147,-1.0194,1.5514,2.1006
1.0089,2.9622,-0.0069461,0.0091972,6.1705,0.9693,0.015635,0.044127,-0.0034874,0.00055191,0.015521,-0.0027831,0.3378,0.94122,-0.67986,1.5512,2.1017
1.0188,2.9894,-0.0061132,0.014918,6.2232,1.0375,0.010528,-0.12029,0.19771,0.0014829,0.01176,-0.0032451,0.33867,0.9409,-0.47769,1.5507,2.1025
1.0135,2.9888,-0.0061852,0.011837,6.2191,1.0869,-0.01715,0.06383,0.1978,0.001366,-0.016498,-0.0040303,0.33856,0.94093,-0.33019,1.5504,2.1032
1.0307,3.0293,0.0094366,0.017192,6.3083,1.1333,0.047189,-0.08275,0.38932,0.0021237,0.04914,-0.0060988,0.33927,0.94067,-0.19142,1.5504,2.1038
1.0561,3.0887,0.032134,0.018739,6.4382,1.1629,0.036654,-0.14722,0.62228,0.0034241,0.038895,-0.0091281,0.34048,0.94021,-0.10193,1.551,2.1043
1.0812,3.1456,0.057098,0.019724,6.5676,1.1835,0.04573,-0.23382,1.085,0.0043221,0.048281,-0.012892,0.34127,0.93988,-0.038301,1.5519,2.1047
1.1408,3.2435,0.13112,0.021032,6.8653,1.203,0.032545,-0.22799,4.349,0.005295,0.051487,-0.019893,0.34197,0.9395,0.023037,1.5536,2.1051
1.2208,3.3554,0.22842,0.022757,7.2559,1.2182,0.049976,-0.24082,5.3942,0.0062194,0.070003,-0.032232,0.34212,0.9391,0.072365,1.5562,2.1054
1.4146,3.6132,0.45362,0.028847,8.1971,1.2432,0.0085243,-0.20049,6.9365,0.007576,0.038431,-0.050174,0.34161,0.9385,0.15611,1.5643,2.1061
1.6221,3.8694,0.68921,0.036279,9.1788,1.2626,-0.082682,-0.22892,7.1859,0.007413,-0.055211,-0.070349,0.33836,0.93838,0.22603,1.575,2.1067
1.8902,4.1908,1.0041,0.052638,10.45,1.2844,-0.15529,-0.4591,7.6465,0.0050178,-0.16457,-0.090523,0.33184,0.93898,0.30986,1.5925,2.1076
2.1371,4.4619,1.31,0.066306,11.617,1.3024,-0.20518,-0.55353,7.5154,0.0013341,-0.24562,-0.11014,0.32302,0.93996,0.38463,1.6125,2.1086
2.3837,4.6782,1.6906,0.087839,12.867,1.3203,-0.14913,-0.79773,9.4837,-0.0030504,-0.24388,-0.1292,0.31245,0.94111,0.46381,1.6384,2.1099
2.52,4.7857,1.9556,0.11438,13.626,1.3357,-0.17608,-0.73003,8.8335,-0.0067954,-0.24365,-0.14464,0.3028,0.94202,0.53509,1.6659,2.1115
2.607,4.8577,2.1628,0.115,14.232,1.3576,0.055708,-0.17675,6.5185,-0.0081521,0.11995,-0.15206,0.29833,0.94227,0.63933,1.7105,2.114
2.5264,4.852,2.1495,0.10837,13.985,1.3771,0.14921,0.0525,3.2604,-0.0047906,0.22422,-0.15463,0.30065,0.94112,0.7343,1.7526,2.1162
2.5147,4.8653,2.158,0.10726,13.969,1.3843,0.17958,-0.039217,0.16321,-0.0034517,0.15152,-0.15424,0.3022,0.94068,0.76886,1.768,2.1169
2.4906,4.8648,2.1082,0.11009,13.843,1.3917,0.16603,-0.10973,-0.077285,-0.0024866,0.10708,-0.15302,0.30372,0.94039,0.80525,1.7839,2.1177
2.5191,4.9503,2.1119,0.12049,13.987,1.4104,0.13352,-0.29477,-0.68761,-0.0015652,-0.0082464,-0.15294,0.3047,0.94009,0.89614,1.8228,2.1199
2.5302,5.0011,2.118,0.133,14.056,1.4254,0.13219,-0.40587,-2.7589,-0.0024119,-0.10408,-0.15337,0.30365,0.94036,0.97081,1.8545,2.1218
2.3176,4.8632,1.8519,0.14599,13.088,1.4779,0.00071482,-0.1855,-2.231,-0.0084957,-0.12789,-0.14581,0.30052,0.94257,1.2339,1.9637,2.1295
2.2074,4.7486,1.6879,0.14578,12.53,1.5001,0.10127,-0.10166,-3.3716,-0.010316,-0.036141,-0.13467,0.30281,0.94349,1.3423,2.0035,2.1328
2.0312,4.5447,1.4261,0.14005,11.611,1.5641,0.086835,0.049183,-4.6526,-0.012727,-0.039207,-0.12229,0.30446,0.94464,1.6484,2.1049,2.1423
1.7937,4.2436,1.0744,0.1134,10.4,1.6365,-0.0046336,0.0054251,-3.6465,-0.017681,-0.097591,-0.10553,0.30436,0.94669,1.9801,2.1999,2.1519
1.6625,4.016,0.88513,0.094811,9.6606,1.6932,0.096041,0.073783,-3.3502,-0.019526,0.032422,-0.087286,0.3069,0.94773,2.2212,2.2573,2.158
1.4744,3.6845,0.62183,0.067046,8.6027,1.7905,-0.011724,0.12103,-2.8318,-0.020003,-0.042224,-0.069576,0.3098,0.94825,2.6144,2.332,2.1662
1.3123,3.3771,0.4214,0.039005,7.6995,1.9116,-0.053481,0.18291,-2.325,-0.026015,-0.057064,-0.053722,0.30644,0.95037,3.0618,2.3988,2.173
1.2813,3.3177,0.38287,0.033138,7.5262,1.9345,-0.056985,0.21628,-1.8847,-0.027251,-0.050513,-0.040062,0.30689,0.9509,3.1395,2.408,2.1738
1.143,3.0322,0.24568,-0.013354,6.7606,2.0934,-0.04276,0.39101,-1.674,-0.031557,-0.0036948,-0.019397,0.30473,0.95224,3.6674,2.4607,2.1753
1.0073,2.7374,0.11837,-0.060236,5.9936,2.2678,-0.028754,0.48979,-1.187,-0.030264,0.018522,0.0095991,0.30764,0.95145,4.1969,2.4919,2.1686
0.87222,2.4091,0.025741,-0.12205,5.2019,2.5024,-0.033357,0.52328,-0.7428,-0.026935,0.0098528,0.042036,0.3117,0.94925,4.8391,2.5099,2.1457
0.81754,2.2738,-0.011208,-0.14122,4.8811,2.7689,-0.019844,0.26094,-0.25733,-0.026307,-0.0051383,0.058209,0.31217,0.94824,5.4809,2.5083,2.1063
0.82796,2.2976,-0.0039214,-0.12922,4.9423,2.96,0.05207,-0.31053,-0.11761,-0.021148,0.059121,0.051688,0.31708,0.94699,5.9155,2.5068,2.0805
0.85873,2.3726,0.016419,-0.10089,5.1239,3.3028,0.063266,-0.47603,0.064461,-0.0012167,0.057177,0.036751,0.33587,0.94119,6.7033,2.5086,2.0415
0.9046,2.4949,0.052244,-0.067011,5.3988,3.7265,0.046382,-0.45312,-0.091341,0.01923,0.039325,0.018122,0.3548,0.93477,7.709,2.5227,2.0068
0.94068,2.5943,0.080478,-0.037058,5.6178,4.1296,0.033735,-0.40239,-0.24621,0.032146,0.024754,0.0034841,0.36646,0.93043,8.7147,2.5501,1.9868
0.93833,2.6009,0.070701,-0.014857,5.6134,4.6298,0.022242,-0.28275,-0.18098,0.042233,0.015583,-0.0047268,0.37558,0.92678,10.012,2.588,1.9739
0.93377,2.5991,0.059976,0.0022791,5.5937,5.1288,0.012525,-0.16944,-0.11657,0.048244,0.0085103,-0.008626,0.38105,0.92451,11.31,2.6202,1.9716
0.93423,2.6034,0.059992,0.0019569,5.5989,5.7771,0.011305,-0.17132,-0.11658,0.053358,0.0072681,-0.0087341,0.38577,0.92255,12.995,2.659,1.973
1.0021,2.95,0.0019333,0.00058513,6.1424,0,0.0020783,-0.0042903,-0.0055158,0,0.0020744,0.00064765,-0.80349,-0.59532,-3.7998,1.7381,2.1112
1.0039,2.9577,0.00093007,0.001967,6.1571,0.091933,-0.0024226,-0.020027,0.0064324,-1.6099e-05,-0.0024246,0.00064766,-0.80348,-0.59533,-3.5286,1.7382,2.1113
1.0085,2.9764,-0.0017571,0.0054827,6.1933,0.28378,-0.0024584,-0.031517,0.0072863,-0.00048142,-0.0024264,0.00079896,-0.8032,-0.59571,-2.9612,1.7382,2.1121
1.0047,2.9585,0.0027652,0.0031348,6.1597,0.47442,0.0036038,-0.0078945,-0.013201,-0.00037123,0.0035824,0.0012606,-0.80327,-0.59562,-2.3937,1.7382,2.1129
1.0031,2.9514,0.0049286,0.0022048,6.1463,0.54343,0.0052852,-0.0069008,-0.020628,-6.6173e-05,0.0052582,0.0015008,-0.80345,-0.59537,-2.1896,1.7385,2.1131
1.01,2.9755,-0.0010206,0.0059745,6.1925,0.66179,-0.0074471,-0.052347,0.034545,-0.00019054,-0.0073598,0.00092153,-0.80338,-0.59547,-1.8403,1.7387,2.1136
1.0143,2.9886,-0.0037095,0.0098006,6.2207,0.80777,0.0054112,-0.051245,-0.015026,-0.00033172,0.0054255,0.001601,-0.80329,-0.59558,-1.4059,1.7381,2.1148
1.0112,2.9803,0.0093708,0.0093067,6.21,0.93518,-0.0016157,-0.044342,-0.037907,-0.00010544,-0.0018735,0.0038147,-0.80342,-0.59539,-1.0251,1.7385,2.116
1.0118,2.9837,0.011214,0.0089106,6.2184,0.98399,-0.0049877,-0.048282,-0.11038,-0.00028539,-0.0054987,0.0044086,-0.80332,-0.59554,-0.87962,1.739,2.1165
1.0116,2.9782,0.0049447,0.0096365,6.2064,1.0412,0.007104,-0.037857,-0.12472,-0.0002528,0.0066375,0.0033013,-0.80334,-0.59551,-0.7089,1.7395,2.117
1.0119,2.9719,-0.0012859,0.012517,6.1865,1.1126,-0.017784,-0.10104,-0.064507,-0.00065875,-0.018012,0.0026144,-0.8031,-0.59584,-0.49633,1.7396,2.1178
1.0115,2.9743,0.0066414,0.013746,6.1924,1.2251,-0.01929,-0.053608,0.62988,-0.0026007,-0.016498,0.0049654,-0.80194,-0.59738,-0.16186,1.7395,2.1193
1.0408,3.0418,0.032073,0.015515,6.349,1.2672,0.0080114,-0.13348,1.0331,-0.0026981,0.011873,0.012397,-0.80183,-0.59743,-0.036659,1.7402,2.1199
1.0958,3.1465,0.087835,0.018305,6.6263,1.3003,0.010316,-0.15445,1.9027,-0.0022196,0.017068,0.02473,-0.80188,-0.59698,0.063911,1.742,2.1205
1.1493,3.2382,0.1436,0.020656,6.8879,1.3195,0.0053924,-0.18146,2.8564,-0.0019069,0.01555,0.064447,-0.80005,-0.59646,0.12422,1.7441,2.1208
1.7124,3.9622,0.81492,0.053046,9.5859,1.4069,-0.14441,-0.39605,7.9587,-0.0063382,-0.11686,0.14895,-0.78665,-0.59916,0.40562,1.7763,2.1235
1.9962,4.3,1.2135,0.084909,11.002,1.4393,-0.1746,-0.61164,7.5604,-0.011308,-0.19045,0.2222,-0.76691,-0.60206,0.53261,1.8077,2.1255
2.1667,4.5043,1.465,0.098482,11.908,1.4602,0.0083563,-0.38981,6.9016,-0.012981,0.030866,0.25947,-0.75467,-0.60261,0.62219,1.8349,2.1274
2.3165,4.7201,1.7778,0.098895,12.821,1.4869,0.17246,-0.031774,5.4432,-0.0091519,0.25687,0.28766,-0.74733,-0.59896,0.74117,1.8765,2.13
2.3925,4.8251,1.8901,0.10387,13.234,1.498,0.19033,-0.22872,2.8841,-0.0068861,0.15158,0.30389,-0.7426,-0.59682,0.79337,1.8967,2.1311
2.4668,4.9225,1.9817,0.11141,13.625,1.5082,0.041436,-0.3291,5.6681,-0.005928,0.034533,0.31046,-0.74061,-0.59591,0.84295,1.9164,2.1321
2.404,4.9729,1.919,0.14287,13.439,1.5646,-0.094927,-0.37734,0.038135,-0.011246,-0.22331,0.30405,-0.73971,-0.60032,1.1203,2.028,2.1393
2.3237,4.9135,1.8064,0.14967,13.068,1.589,0.065358,-0.36752,-0.76312,-0.015032,-0.087256,0.29318,-0.74141,-0.60362,1.242,2.0736,2.1429
2.3135,4.9211,1.7908,0.15844,13.036,1.607,0.15844,-0.18421,-2.5496,-0.015738,0.0087567,0.28819,-0.74278,-0.60434,1.3304,2.106,2.1457
2.242,4.904,1.7385,0.15774,12.777,1.6685,0.071687,0.06842,-4.9165,-0.017273,-0.058597,0.27249,-0.74729,-0.60605,1.634,2.2146,2.1556
1.945,4.5215,1.2807,0.13592,11.229,1.7349,0.16381,-0.028992,-3.1523,-0.017276,0.058504,0.23972,-0.75764,-0.60706,1.9625,2.32,2.1656
1.7882,4.2643,1.049,0.11305,10.353,1.8008,0.059613,0.10257,-3.2901,-0.015424,-0.0023087,0.20524,-0.76806,-0.6066,2.262,2.3992,2.1742
1.659,4.0614,0.87252,0.083567,9.6655,1.8656,-0.056123,0.1278,-3.0887,-0.01842,-0.090144,0.17609,-0.77286,-0.60965,2.5394,2.4627,2.1807
1.4751,3.7234,0.63103,0.050919,8.6406,1.9745,-0.081149,0.19439,-2.6113,-0.027834,-0.082727,0.14469,-0.77306,-0.61761,2.9835,2.5492,2.1884
1.39,3.565,0.51847,0.035359,8.1649,2.0239,-0.080137,0.21302,-1.9608,-0.031556,-0.067887,0.11483,-0.77544,-0.62089,3.1679,2.578,2.1906
1.2364,3.2602,0.34248,-0.0021649,7.3163,2.1712,-0.047036,0.31309,-1.7516,-0.037505,-0.012912,0.079849,-0.77599,-0.62567,3.6942,2.6448,2.1931
1.0877,2.9409,0.19166,-0.044881,6.4734,2.333,-0.065985,0.4249,-1.6603,-0.039596,-0.012928,0.039148,-0.77801,-0.62703,4.2229,2.6877,2.1893
0.92624,2.553,0.070211,-0.10928,5.5284,2.5572,-0.04749,0.5525,-1.4732,-0.037601,0.030727,-0.0023335,-0.78121,-0.62427,4.8827,2.7194,2.1707
0.85463,2.3796,0.013451,-0.1299,5.11,2.8157,-0.032863,0.29972,-0.88784,-0.031397,0.017272,-0.027687,-0.78564,-0.61807,5.5425,2.7266,2.1357
0.83953,2.3406,-0.0019968,-0.1199,5.0219,3.1576,-0.024886,-0.053487,-0.25101,-0.03049,-0.011967,-0.031681,-0.78623,-0.61713,6.356,2.7284,2.0923
0.838,2.3366,-0.004522,-0.1162,5.0131,3.2382,0.0098909,-0.45907,-0.099391,-0.030339,0.015703,-0.030665,-0.78632,-0.61706,6.5448,2.7281,2.0828
0.85211,2.373,0.0075203,-0.10701,5.097,3.3559,0.0061062,-0.48203,-0.0037163,-0.029136,0.0047413,-0.020675,-0.78703,-0.61656,6.8198,2.7282,2.0697
0.9083,2.5197,0.056496,-0.072298,5.4327,3.7844,-0.0081119,-0.47713,0.025232,-0.032303,-0.019521,-0.001407,-0.7848,-0.61974,7.8368,2.7416,2.0324
0.94398,2.6178,0.084227,-0.043328,5.6503,4.1881,-0.011117,-0.4347,-0.067197,-0.041083,-0.023976,0.0128,-0.77891,-0.627,8.854,2.7716,2.0102
0.94838,2.643,0.076231,-0.017489,5.6881,4.6871,-0.00010033,-0.31199,-0.25152,-0.048919,-0.0074315,0.018249,-0.7738,-0.63316,10.161,2.8113,1.995
0.95452,2.668,0.074203,0.00064057,5.7325,5.1815,0.0063711,-0.2081,-0.36877,-0.050634,0.00049469,0.021241,-0.77263,-0.6345,11.467,2.8478,1.9923
0.96007,2.6857,0.07805,0.00037848,5.7691,5.8156,0.0045413,-0.21762,-0.36863,-0.051058,-0.0018341,0.021192,-0.77236,-0.63483,13.159,2.8959,1.9926
1.0034,2.9556,0.0013909,0.0017498,6.1528,0,0.0019574,-0.0039944,-0.0052161,0,0.0019524,0.00071391,-0.78438,-0.62028,-4.0421,1.9257,2.1266
1.0023,2.951,0.0020042,0.00081543,6.1442,0.09176,0.0030856,-0.0060286,-0.0075537,0.00023086,0.0030794,0.00071396,-0.78453,-0.6201,-3.7709,1.9258,2.1267
1.0057,2.9651,2.9556e-05,0.0035016,6.1715,0.27865,-0.0019479,-0.025752,0.0079672,0.00033746,-0.0019387,0.0007136,-0.78459,-0.62001,-3.2194,1.9261,2.1271
1.0076,2.9718,-0.00066866,0.0049532,6.1845,0.47375,0.0030935,-0.014672,-0.011753,0.00044851,0.0030772,0.0010094,-0.78466,-0.61992,-2.6409,1.9259,2.128
1.0041,2.9555,0.0045738,0.0029707,6.1543,0.64101,0.0045509,-0.011232,-0.017231,0.0010835,0.0045162,0.0014878,-0.78505,-0.61943,-2.1438,1.9262,2.1287
1.0109,2.9777,-0.001755,0.0069855,6.1972,0.81103,-0.006008,-0.056892,0.030951,0.00096574,-0.0059019,0.001136,-0.78498,-0.61952,-1.6413,1.9267,2.1294
1.0143,2.987,-0.0036154,0.010397,6.2177,0.95739,0.0053175,-0.044424,0.0099079,0.00092943,0.0054057,0.0016495,-0.78496,-0.61955,-1.2055,1.9259,2.1308
1.0135,2.9891,0.0083404,0.0093499,6.2293,1.0849,0.0080851,-0.03713,0.023094,0.0017873,0.0080537,0.0036035,-0.78549,-0.61887,-0.82472,1.9262,2.132
1.0142,2.9852,0.0049694,0.011423,6.2202,1.2111,-0.002252,-0.053901,-0.17102,0.0021067,-0.0029961,0.0038253,-0.78569,-0.61861,-0.44727,1.9274,2.1332
1.0113,2.9772,0.0008315,0.012877,6.1991,1.3221,0.0020198,-0.063871,-0.20195,0.0020031,0.0011284,0.0032193,-0.78562,-0.6187,-0.11612,1.9277,2.1346
1.018,2.9924,0.0050906,0.014238,6.2333,1.368,0.0033386,-0.084042,-0.021549,0.0021001,0.0030931,0.0048183,-0.78568,-0.61861,0.02069,1.9278,2.1353
1.037,3.0373,0.022425,0.017888,6.3283,1.4117,-0.0077274,-0.13558,0.10283,0.0019903,-0.0081224,0.0099354,-0.78559,-0.61867,0.15135,1.9283,2.1359
1.0671,3.096,0.061352,0.021034,6.485,1.4366,-0.0091761,-0.071259,0.76469,0.0018217,-0.0053919,0.019312,-0.78535,-0.61875,0.2271,1.9292,2.1364
1.1092,3.1745,0.10722,0.024291,6.692,1.4557,-0.011472,-0.090946,1.2023,0.0017193,-0.0053406,0.056288,-0.78374,-0.61853,0.28619,1.9308,2.1368
1.7017,4.031,0.79802,0.071016,9.5481,1.5494,-0.051948,-0.49122,6.4464,-0.00016719,-0.034942,0.13364,-0.77388,-0.61907,0.58178,1.9612,2.1402
1.851,4.2064,1.0115,0.083434,10.319,1.5649,-0.025714,-0.21993,7.2212,4.9592e-05,0.062833,0.19466,-0.7619,-0.61775,0.64417,1.9748,2.1414
1.9578,4.3293,1.2115,0.082969,10.934,1.5788,0.030409,-0.13959,7.1524,0.0013445,0.12365,0.22179,-0.75571,-0.61621,0.7023,1.99,2.1426
2.0447,4.4337,1.3717,0.082326,11.434,1.5911,0.078343,-0.071017,7.0738,0.0031981,0.17931,0.24304,-0.75067,-0.61435,0.75506,2.0056,2.1436
2.1703,4.6078,1.5283,0.095567,12.098,1.6122,0.017456,-0.37061,5.6591,0.005217,0.011296,0.25858,-0.74701,-0.61246,0.84867,2.0356,2.1454
2.2488,4.7234,1.6221,0.10406,12.507,1.625,-0.014858,-0.44931,3.9883,0.0047977,-0.076865,0.26918,-0.74317,-0.61257,0.9075,2.0555,2.1467
2.3076,4.9181,1.7341,0.14282,12.919,1.6855,0.040807,-0.52904,0.9732,-0.00087857,-0.11074,0.28054,-0.73549,-0.61672,1.1929,2.1548,2.1539
2.3705,5.0764,1.8714,0.16927,13.376,1.7447,-0.074824,-0.15969,1.5732,-0.0064106,-0.076182,0.28188,-0.73138,-0.62098,1.4827,2.2609,2.1634
2.1278,4.7879,1.5332,0.15644,12.16,1.8018,0.069203,-0.089782,-1.4618,-0.0087821,-0.0069597,0.25969,-0.73739,-0.62356,1.7741,2.3627,2.173
1.9708,4.5868,1.2965,0.14599,11.344,1.8747,0.11519,0.051549,-3.0761,-0.0079195,0.030632,0.22906,-0.74717,-0.62391,2.125,2.4678,2.1846
1.7993,4.3469,1.0672,0.095665,10.475,1.9586,-0.097211,0.13697,-3.256,-0.012145,-0.13131,0.19786,-0.75262,-0.62802,2.5119,2.5698,2.1951
1.5938,3.9762,0.78644,0.059486,9.3285,2.0597,0.024596,0.20677,-2.6176,-0.017476,0.025828,0.15905,-0.75776,-0.63286,2.9534,2.6688,2.2033
1.4222,3.6548,0.56155,0.028277,8.3699,2.1775,-0.041363,0.25746,-2.3119,-0.017101,-0.019463,0.11968,-0.76482,-0.63303,3.4241,2.7492,2.2086
1.2448,3.3121,0.34723,-0.012819,7.3919,2.3268,-0.090494,0.33977,-2.0552,-0.022037,-0.046662,0.085888,-0.76612,-0.63694,3.9714,2.821,2.2099
1.1689,3.136,0.2846,-0.041778,6.9521,2.4252,-0.081014,0.40144,-1.6885,-0.025417,-0.021995,0.054395,-0.76705,-0.63928,4.2978,2.8529,2.2072
0.99628,2.7374,0.13319,-0.10127,5.9527,2.6351,-0.054496,0.52105,-1.5057,-0.024943,0.02651,0.018039,-0.76985,-0.63797,4.9566,2.9001,2.191
0.91396,2.5414,0.059126,-0.12149,5.4747,2.876,-0.048893,0.29041,-0.88763,-0.021714,0.00029792,-0.01339,-0.77311,-0.63413,5.6165,2.9215,2.1617
0.84668,2.3744,-0.0027289,-0.12893,5.0811,3.1961,-0.057395,0.017549,-0.26313,-0.028558,-0.043064,-0.030871,-0.76898,-0.63853,6.4299,2.9308,2.12
0.8373,2.351,-0.011492,-0.1281,5.0259,3.2753,-0.058375,-0.071353,-0.025577,-0.032499,-0.056548,-0.031841,-0.76645,-0.64151,6.6178,2.9301,2.1097
0.89002,2.4862,0.036785,-0.093336,5.3374,3.7113,-0.019449,-0.49265,0.022762,-0.05084,-0.02757,-0.01409,-0.75441,-0.65626,7.6434,2.9353,2.0625
0.9373,2.6115,0.077034,-0.059601,5.6211,4.1204,-0.015281,-0.51229,-0.023946,-0.062579,-0.029825,0.0044251,-0.74623,-0.66567,8.6605,2.9591,2.0323
0.95686,2.6759,0.081731,-0.027492,5.7501,4.6206,-0.0065454,-0.38087,-0.21106,-0.074041,-0.016002,0.015726,-0.73821,-0.67439,9.9669,2.9982,2.0108
0.97583,2.7355,0.089488,-0.00040239,5.8726,5.1089,-0.00050847,-0.24633,-0.36622,-0.080024,-0.0085083,0.022476,-0.73395,-0.67883,11.273,3.0395,2.0051
0.98235,2.7563,0.094036,-0.00068165,5.9156,5.7272,-0.0026813,-0.25758,-0.36621,-0.086171,-0.011372,0.022258,-0.72977,-0.68333,12.965,3.096,2.0048
1.0048,2.9612,0.0008036,0.0028951,6.1634,0,0.0029716,-0.003814,-0.0076989,0,0.002963,0.00081489,-0.71464,-0.69949,-4.2844,2.1133,2.142
1.0021,2.9502,0.0024152,0.00086211,6.1428,0.23368,-0.0015077,-0.018226,0.0090406,0.00016861,-0.0015199,0.00081495,-0.71476,-0.69937,-3.5924,2.1136,2.1424
1.0064,2.968,-0.00050082,0.0040225,6.1768,0.42976,-0.0030764,-0.025265,0.011691,-0.00028006,-0.0030563,0.0008152,-0.71444,-0.69969,-3.0139,2.1138,2.1429
1.0088,2.9771,-0.0022068,0.0057402,6.1944,0.54561,0.0041464,-0.017576,-0.015525,-0.00021791,0.0041295,0.0010123,-0.71449,-0.69965,-2.6701,2.1137,2.1435
1.0053,2.9613,0.0030981,0.0038498,6.1652,0.7144,0.0041535,-0.013679,-0.01575,0.00047821,0.0041187,0.0015831,-0.71497,-0.69915,-2.1676,2.1137,2.1443
1.0037,2.9544,0.0064131,0.0030855,6.1527,0.8049,0.0058154,-0.016581,-0.024042,0.000925,0.0057543,0.0019195,-0.71529,-0.69883,-1.8996,2.1142,2.1446
1.0114,2.9778,-0.0021494,0.0080201,6.1983,0.96509,-0.0055444,-0.052027,0.028461,0.00095095,-0.0054302,0.0014346,-0.7153,-0.69881,-1.4263,2.1146,2.1455
1.0157,2.9905,-0.0048089,0.010909,6.2243,1.1114,0.0033922,-0.049421,0.023304,0.00081385,0.0035566,0.0017956,-0.71521,-0.69891,-0.99054,2.1137,2.1469
1.0163,2.9928,0.0051103,0.010435,6.237,1.2377,0.014896,-0.024847,-0.022514,0.0019707,0.014775,0.003056,-0.71602,-0.69808,-0.61309,2.1138,2.1483
1.0207,3.0065,0.0022734,0.01222,6.2669,1.3612,-0.008057,-0.079453,-0.2108,0.0023291,-0.0089739,0.0033746,-0.71627,-0.69782,-0.24332,2.1143,2.1496
1.0199,3.0041,0.0017466,0.01331,6.2594,1.4264,-0.009371,-0.018091,-0.020009,0.0017276,-0.0094701,0.003638,-0.71585,-0.69825,-0.04725,2.1143,2.1505
1.0255,3.0166,0.0055574,0.013977,6.285,1.4657,-0.0065192,-0.098998,-0.060792,0.0014044,-0.0069832,0.0084022,-0.7156,-0.69846,0.070777,2.1145,2.151
1.131,3.2132,0.11388,0.02456,6.8028,1.5669,-0.040213,-0.17287,2.0372,-0.000504,-0.030748,0.029073,-0.71386,-0.69969,0.37589,2.1182,2.1528
1.2589,3.416,0.26161,0.033381,7.4235,1.6055,-0.084882,-0.22578,3.456,-0.002417,-0.068198,0.057821,-0.711,-0.70081,0.50002,2.125,2.1539
1.3438,3.5398,0.36327,0.04335,7.8424,1.6226,-0.083526,-0.41209,4.5724,-0.0035892,-0.069451,0.099938,-0.70597,-0.70116,0.55814,2.1301,2.1545
1.8005,4.2147,0.96459,0.0753,10.191,1.7056,-0.0031284,-0.4096,5.654,-0.0063052,0.004038,0.157,-0.69444,-0.70221,0.8493,2.1793,2.159
1.979,4.4976,1.2021,0.095102,11.116,1.7368,-0.040689,-0.50452,4.7092,-0.0073871,-0.073364,0.2049,-0.682,-0.70206,0.98025,2.2119,2.1616
2.2858,4.924,1.6647,0.15295,12.782,1.8017,-0.066941,-0.63321,4.777,-0.013845,-0.12559,0.23643,-0.66775,-0.70584,1.2692,2.3003,2.1689
2.3116,4.9606,1.7065,0.16063,12.929,1.8111,-0.06339,-0.35464,2.7566,-0.014856,-0.090861,0.2478,-0.66327,-0.70617,1.3151,2.3161,2.1704
2.1913,4.8846,1.5992,0.16473,12.448,1.8769,0.030277,-0.19455,-0.025275,-0.018918,-0.032553,0.23992,-0.66286,-0.70927,1.6423,2.4262,2.1811
2.1441,4.8809,1.5251,0.18343,12.258,1.9482,0.18872,-0.013851,-2.8636,-0.017468,0.073233,0.22836,-0.66757,-0.70867,1.9918,2.5361,2.1935
1.9899,4.6926,1.3254,0.1278,11.518,2.0264,-0.06376,0.19722,-3.2215,-0.018208,-0.092151,0.213,-0.67156,-0.70968,2.3753,2.6501,2.2061
1.9164,4.5879,1.2251,0.11069,11.145,2.0562,0.064687,0.13766,-1.6772,-0.018702,0.058901,0.1907,-0.67728,-0.71058,2.5151,2.6886,2.2097
1.6778,4.1611,0.88028,0.07913,9.7975,2.1567,-0.005253,0.22189,-2.4603,-0.015992,-0.0049878,0.16084,-0.68628,-0.70933,2.9796,2.7992,2.22
1.5293,3.8917,0.69125,0.041486,8.9854,2.269,-0.083068,0.26771,-2.3624,-0.019627,-0.059762,0.12674,-0.69025,-0.71238,3.4485,2.8896,2.2268
1.3388,3.5329,0.45601,-0.0060328,7.9426,2.4086,-0.11002,0.31349,-1.8178,-0.028402,-0.065906,0.0907,-0.68942,-0.71866,3.994,2.974,2.2295
1.1722,3.1595,0.29884,-0.060154,6.9859,2.5941,-0.080448,0.4237,-1.6423,-0.035356,-0.0090615,0.049006,-0.68906,-0.72305,4.6505,3.0485,2.2229
1.0135,2.8004,0.14218,-0.10383,6.0726,2.8023,-0.058553,0.38874,-1.1608,-0.03586,0.0042118,0.0099265,-0.69152,-0.72229,5.3094,3.0947,2.2037
0.90151,2.5251,0.040807,-0.12803,5.4182,3.0927,-0.079082,0.18934,-0.5666,-0.042105,-0.047228,-0.023999,-0.68818,-0.72514,6.1227,3.1228,2.1682
0.8506,2.3993,-0.004133,-0.12958,5.119,3.4148,-0.077392,-0.036099,-0.017934,-0.061994,-0.07625,-0.036089,-0.67369,-0.73813,6.936,3.1231,2.1229
0.88739,2.4925,0.032,-0.10321,5.3343,3.7538,-0.030997,-0.51696,0.027544,-0.081486,-0.038738,-0.021765,-0.65904,-0.75179,7.7497,3.1276,2.0841
0.93303,2.6139,0.069913,-0.068612,5.6083,4.1618,-0.017017,-0.5588,-0.023858,-0.095777,-0.031315,-0.0035613,-0.64784,-0.76177,8.7667,3.1491,2.0501
0.96772,2.7171,0.087489,-0.030348,5.8279,4.6616,-0.057212,-0.41719,0.0022039,-0.12125,-0.070629,0.010796,-0.62779,-0.7783,10.073,3.1876,2.0258
0.98963,2.7837,0.096792,-0.0041768,5.9676,5.1474,-0.065805,-0.2757,0.016975,-0.15672,-0.075371,0.017641,-0.59955,-0.80014,11.393,3.2325,2.0193
0.9879,2.7837,0.091632,-0.007876,5.9616,5.7588,-0.06643,-0.27638,0.016931,-0.20284,-0.075535,0.016381,-0.56203,-0.82695,13.095,3.2901,2.0156
1.0062,2.9669,0.00016402,0.004035,6.1742,0,0.002965,-0.0030151,-0.0077259,0,0.0029544,0.00095882,-0.65084,-0.75922,-4.5267,2.3008,2.1574
1.0034,2.9554,0.0017856,0.0018816,6.1525,0.23323,0.0023597,-0.0075819,-0.0084804,0.00061853,0.0023498,0.00095885,-0.65131,-0.75881,-3.8347,2.3011,2.1581
1.0025,2.9524,0.0021873,0.0012958,6.147,0.37362,-0.0030044,-0.020007,0.010818,0.00057187,-0.0030145,0.00095898,-0.65127,-0.75885,-3.4198,2.3014,2.1583
1.0069,2.9696,-0.00086557,0.0044489,6.18,0.57261,-0.0025604,-0.025766,0.011754,1.9704e-05,-0.0025353,0.0009588,-0.65085,-0.7592,-2.8323,2.3015,2.1588
1.0089,2.9769,-0.0023327,0.0058442,6.1938,0.67385,0.003561,-0.016768,-0.015247,7.0773e-05,0.0035442,0.001156,-0.65089,-0.75917,-2.5317,2.3013,2.1593
1.0058,2.9629,0.0032512,0.0042437,6.1684,0.84389,0.0050597,-0.017416,-0.019481,0.00079827,0.0050127,0.001807,-0.65144,-0.7587,-2.0255,2.3014,2.1602
1.0072,2.9654,0.0039812,0.0055962,6.1751,1.0153,-0.0053261,-0.043868,0.018959,0.00076942,-0.0053492,0.0020924,-0.65142,-0.75871,-1.5175,2.3023,2.1609
1.0137,2.9833,-0.004484,0.0097978,6.2086,1.1623,-0.010269,-0.059006,0.02456,-0.00036577,-0.0101,0.00165,-0.65056,-0.75945,-1.0817,2.3023,2.1621
1.0163,2.9909,-0.0067617,0.011533,6.2239,1.2408,-0.0090445,-0.063922,0.037075,-0.0011055,-0.008757,0.0017132,-0.65,-0.75994,-0.8476,2.3018,2.1629
1.0163,2.9914,-0.002127,0.011301,6.2284,1.3015,0.0088989,-0.041007,0.025696,-0.0010974,0.0090251,0.0022537,-0.65,-0.75993,-0.66583,2.3016,2.1636
1.0168,2.9928,-0.00060559,0.011423,6.2329,1.3714,0.0074234,-0.038263,0.078045,-0.00051197,0.007729,0.0028571,-0.65045,-0.75954,-0.45678,2.3014,2.1644
1.0183,2.9981,0.00070777,0.012223,6.2464,1.4328,-0.0040717,-0.051852,-0.0017833,-0.00040038,-0.0040912,0.0030479,-0.65053,-0.75947,-0.27316,2.3015,2.1651
1.0189,3.0009,-0.00069919,0.012818,6.2505,1.4883,-0.0081899,-0.0099687,0.14981,-0.00072365,-0.0075476,0.0032495,-0.65029,-0.75968,-0.10662,2.3014,2.1658
1.018,2.9975,0.0030744,0.012525,6.2491,1.523,0.0061498,-0.038514,-0.070778,-0.00075372,0.0058145,0.0037588,-0.65026,-0.7597,-0.0024756,2.3015,2.1662
1.0406,3.0576,0.0086334,0.016723,6.3679,1.6349,-0.012022,-0.17967,0.47373,-0.00098434,-0.0099384,0.0067199,-0.65008,-0.75983,0.33279,2.3016,2.1678
1.0537,3.0825,0.035964,0.020781,6.4457,1.668,-0.0034822,-0.041155,0.48377,-0.0011606,-0.00070088,0.022968,-0.64971,-0.75983,0.43409,2.3023,2.1685
1.346,3.5971,0.35875,0.042627,7.8893,1.7724,0.051077,-0.28831,4.047,0.0024538,0.06993,0.068071,-0.64982,-0.75703,0.75552,2.3168,2.1715
1.603,3.9779,0.68073,0.064744,9.1763,1.8117,-0.0011345,-0.40271,4.7934,0.0039799,0.0078519,0.12238,-0.64387,-0.75528,0.89602,2.3361,2.1735
1.8317,4.3053,1.0104,0.086819,10.376,1.8537,-0.078856,-0.50525,5.0722,0.0021973,-0.092613,0.16325,-0.63423,-0.75571,1.0623,2.3702,2.1765
2.0316,4.5866,1.2958,0.12616,11.437,1.899,-0.071139,-0.59139,4.7036,-0.0022712,-0.10471,0.19101,-0.62369,-0.75798,1.2561,2.4206,2.1811
2.0783,4.6613,1.3642,0.13692,11.691,1.9146,-0.058594,-0.43217,3.2696,-0.0037548,-0.08542,0.2049,-0.61855,-0.75856,1.3276,2.4413,2.1832
2.1288,4.8201,1.4678,0.16682,12.073,1.9857,0.092355,-0.36208,0.7169,-0.0065564,0.0066048,0.21451,-0.61344,-0.76005,1.6583,2.5403,2.1937
2.2502,5.0733,1.658,0.2061,12.81,2.0584,0.1902,-0.018454,-2.7856,-0.0038647,0.067436,0.2235,-0.61279,-0.75798,2.0078,2.6498,2.207
2.1693,4.9625,1.5484,0.18387,12.405,2.0814,-0.093423,0.017793,0.17638,-0.0039812,-0.077595,0.2138,-0.61571,-0.75841,2.1244,2.6873,2.2115
1.9417,4.6478,1.2289,0.14029,11.255,2.1637,0.096941,0.085825,-1.5227,-0.0042448,0.071193,0.18728,-0.62303,-0.75944,2.5362,2.8049,2.225
1.7619,4.3441,0.97834,0.096381,10.27,2.263,-0.037937,0.239,-2.3062,-0.0024184,-0.034409,0.16384,-0.63024,-0.75892,3,2.9177,2.2374
1.7174,4.2735,0.9228,0.077298,10.039,2.3017,-0.097798,0.2404,-2.5429,-0.0048183,-0.089798,0.14511,-0.6325,-0.76084,3.1681,2.9547,2.2408
1.5405,3.9488,0.70119,0.031591,9.0768,2.4279,-0.1272,0.29625,-2.3019,-0.016268,-0.091572,0.11655,-0.62909,-0.76854,3.7095,3.0622,2.2481
1.3634,3.5991,0.49492,-0.017654,8.0949,2.5656,-0.1145,0.32449,-1.7919,-0.026735,-0.06052,0.084331,-0.62598,-0.77527,4.2551,3.1464,2.2488
1.2492,3.3506,0.37514,-0.04878,7.443,2.6802,-0.062487,0.39205,-1.7358,-0.029824,0.0066359,0.057352,-0.62694,-0.77696,4.6684,3.1982,2.2448
1.1193,3.0689,0.23681,-0.084051,6.7027,2.8099,-0.091074,0.41259,-1.5747,-0.030435,-0.016054,0.027969,-0.62922,-0.77672,5.1033,3.2396,2.2358
0.99055,2.7542,0.11895,-0.11592,5.9496,3.0815,-0.064798,0.24935,-1.2841,-0.032612,1.7273e-05,-0.0070895,-0.62962,-0.77687,5.9375,3.2909,2.2071
0.88067,2.4862,0.016611,-0.13584,5.3068,3.3845,-0.041548,0.044327,-0.76721,-0.032509,0.00066393,-0.028451,-0.63048,-0.77568,6.7725,3.3083,2.165
0.90223,2.5435,0.040571,-0.11107,5.4359,3.8038,-0.034611,-0.15224,-0.32839,-0.037123,-0.022674,-0.023999,-0.62682,-0.77879,7.8151,3.32,2.1136
0.92842,2.617,0.061571,-0.081881,5.597,4.2138,-0.046639,-0.5478,-0.039794,-0.05371,-0.058238,-0.0099182,-0.61352,-0.78962,8.8582,3.3412,2.0743
0.96302,2.7191,0.075,-0.04098,5.8141,4.7182,-0.05996,-0.4024,0.0016668,-0.086312,-0.071049,0.0032194,-0.5871,-0.80951,10.178,3.3752,2.0439
0.98222,2.7769,0.080692,-0.015735,5.935,5.2037,-0.067912,-0.27783,0.017132,-0.12202,-0.076049,0.0098422,-0.5576,-0.83005,11.498,3.4132,2.0325
0.98139,2.7791,0.076349,-0.018827,5.9342,5.8166,-0.068398,-0.2784,0.017007,-0.16866,-0.076131,0.008649,-0.51832,-0.85514,13.201,3.4613,2.0219
1.0052,2.964,0.00030495,0.0033604,6.1677,0,-0.00037322,-0.010538,0.0055863,0,-0.00036797,-0.00088749,0.76089,0.64889,-4.769,2.4884,2.1728
1.0063,2.9671,0.00017761,0.0040295,6.1745,0.1128,0.0030355,-0.0035292,-0.0075307,0.00014985,0.003025,-0.00088734,0.76098,0.64877,-4.4347,2.4884,2.1732
1.0034,2.9558,0.0017858,0.0019127,6.1532,0.34601,0.002048,-0.0084978,-0.0082688,0.00074018,0.0020375,-0.00088742,0.76137,0.64832,-3.7427,2.4887,2.1739
1.0027,2.9534,0.0021744,0.0015531,6.149,0.5044,-0.002849,-0.022114,0.012132,0.00067513,-0.0028589,-0.00086753,0.76132,0.64837,-3.2745,2.489,2.1741
1.007,2.9699,-0.0010157,0.0046119,6.1806,0.70566,-0.0034827,-0.024609,0.014766,4.015e-05,-0.0034514,-0.00083888,0.76091,0.64885,-2.6801,2.4892,2.1747
1.0073,2.9692,0.00078206,0.0051493,6.18,0.90735,0.0044339,-0.017691,-0.015704,0.00013601,0.004402,-0.00142,0.76097,0.64878,-2.0811,2.4889,2.1758
1.0054,2.9608,0.0068321,0.0045428,6.1663,1.0784,0.0063185,-0.030053,-0.018052,0.0010448,0.0062215,-0.0024241,0.76156,0.64809,-1.5731,2.4895,2.1766
1.0083,2.9683,0.0041088,0.0065495,6.1811,1.1802,-0.0062823,-0.049472,0.020857,0.0010405,-0.0063047,-0.0024755,0.76156,0.64809,-1.2719,2.4902,2.1772
1.0118,2.9783,-0.00029536,0.0089766,6.1999,1.272,-0.0081279,-0.058982,0.022727,0.0003814,-0.0080535,-0.0020147,0.76113,0.64859,-0.99938,2.4904,2.1779
1.014,2.9846,-0.0020801,0.010552,6.2128,1.3587,-0.0034661,-0.053023,0.030324,-0.00011188,-0.0033219,-0.0016928,0.76081,0.64897,-0.74108,2.4903,2.1787
1.0138,2.9828,-0.0027268,0.011203,6.2087,1.4334,0.0064474,-0.042343,0.040636,1.1902e-05,0.0066387,-0.0019574,0.76089,0.64887,-0.5183,2.49,2.1795
1.0149,2.9854,0.0022776,0.011819,6.2206,1.4795,0.0091439,-0.038294,-0.023222,0.00037313,0.0090227,-0.0023963,0.76113,0.6486,-0.38071,2.49,2.1801
1.0153,2.9866,0.0017386,0.012572,6.2221,1.597,0.00076593,-0.028405,-0.074823,0.000929,0.00043443,-0.0022724,0.76149,0.64818,-0.029757,2.4899,2.1815
1.0251,3.0167,-0.0017138,0.014193,6.2754,1.7093,-0.012593,-0.13072,0.45295,0.00037032,-0.010388,-0.0043292,0.76113,0.64859,0.30551,2.4896,2.183
1.0334,3.029,0.019751,0.018427,6.3206,1.7447,-0.00692,-0.021746,0.23663,8.6668e-05,-0.005622,-0.0076039,0.76093,0.64879,0.4124,2.4899,2.1836
1.0444,3.0598,0.022061,0.015839,6.3821,1.7726,0.0012736,-0.14424,0.92959,7.8635e-05,0.0050456,-0.021445,0.76074,0.64871,0.49683,2.4905,2.1841
1.2613,3.4298,0.27545,0.037942,7.4649,1.8777,-0.011298,-0.21795,3.4274,0.00082118,0.0090833,-0.059405,0.7595,0.64779,0.81815,2.5026,2.1869
1.3942,3.6442,0.44164,0.050059,8.1393,1.9136,-0.051002,-0.33767,4.114,0.00035369,-0.03515,-0.11069,0.75397,0.64751,0.94094,2.515,2.1884
1.7548,4.2209,0.89269,0.099878,9.9734,2.0026,-0.073704,-0.53878,4.5829,-0.0046603,-0.077472,-0.15865,0.74279,0.65045,1.2632,2.5686,2.1943
1.8438,4.3719,1.0155,0.11721,10.449,2.0284,-0.028003,-0.53607,3.7245,-0.0063215,-0.051284,-0.19599,0.73352,0.6508,1.3719,2.5929,2.197
2.0812,4.7846,1.3619,0.17334,11.788,2.1054,-0.062423,-0.53087,3.2141,-0.011884,-0.093319,-0.22478,0.72227,0.65407,1.7059,2.68,2.2077
2.106,4.8712,1.4337,0.18547,12.035,2.1851,-0.07495,-0.15879,0.76441,-0.019146,-0.088756,-0.23071,0.71563,0.65928,2.0862,2.7933,2.2224
1.9941,4.7555,1.2717,0.17371,11.517,2.2695,0.14081,0.01919,-1.2656,-0.01883,0.096263,-0.21363,0.72056,0.65966,2.4987,2.9079,2.2374
1.8624,4.5521,1.0977,0.12138,10.826,2.3664,-0.044539,0.22473,-2.0426,-0.016274,-0.043549,-0.1938,0.7273,0.65839,2.9616,3.0247,2.2524
1.7448,4.3597,0.9558,0.071707,10.218,2.4684,-0.15292,0.27776,-2.488,-0.025114,-0.12985,-0.17219,0.72632,0.66544,3.4267,3.1329,2.262
1.6517,4.1921,0.83626,0.046924,9.7143,2.5252,-0.041532,0.29187,-1.4507,-0.028789,0.00044436,-0.14584,0.72926,0.66851,3.6748,3.1849,2.2655
1.4486,3.7946,0.58599,0.0007677,8.5814,2.6617,-0.062158,0.31438,-1.6971,-0.0297,-0.013788,-0.11228,0.7344,0.66936,4.2498,3.2843,2.2687
1.2615,3.4007,0.38255,-0.055644,7.5264,2.8407,-0.10459,0.40705,-1.7666,-0.033594,-0.029708,-0.073547,0.73694,0.67195,4.9309,3.3761,2.2636
1.1271,3.0939,0.24696,-0.093226,6.7547,3.0415,-0.094722,0.28802,-1.4295,-0.039444,-0.028554,-0.034742,0.73667,0.67536,5.615,3.4403,2.247
0.96612,2.7071,0.089134,-0.12875,5.816,3.3109,-0.062054,0.19033,-1.1357,-0.043528,-0.0017709,-0.00067467,0.73591,0.67707,6.4492,3.4888,2.215
0.93056,2.625,0.058142,-0.1262,5.6132,3.6193,-0.052386,-0.011519,-0.5883,-0.047551,-0.024324,0.015818,0.73488,0.67801,7.2842,3.5089,2.1738
0.91595,2.5961,0.049354,-0.11238,5.5367,4.0164,-0.044217,-0.21266,-0.15206,-0.060649,-0.041631,0.016093,0.72593,0.68758,8.3269,3.5304,2.1261
0.91416,2.5933,0.048038,-0.10877,5.5282,4.097,-0.042714,-0.26446,-0.057973,-0.064145,-0.045134,0.012225,0.72345,0.69027,8.5362,3.5343,2.1172
0.94763,2.6906,0.058733,-0.065514,5.735,4.6084,-0.058669,-0.43132,-0.01203,-0.093012,-0.067755,0.0023073,0.703,0.71118,9.8628,3.5613,2.0732
0.97432,2.7684,0.064901,-0.027164,5.8992,5.0991,-0.070024,-0.27994,0.017362,-0.12846,-0.076732,-0.0060413,0.67715,0.73582,11.183,3.5915,2.052
0.97441,2.7727,0.061335,-0.029646,5.9035,5.714,-0.070371,-0.2804,0.017156,-0.17564,-0.076734,-0.0049545,0.6417,0.76694,12.885,3.6302,2.0346
1.0035,2.9584,0.00070709,0.0021808,6.1561,0,-0.00042392,-0.011526,0.0057334,0,-0.00042245,0.00085314,-0.7397,-0.67293,-5.0113,2.676,2.1881
1.0057,2.9647,0.00052375,0.0034807,6.1699,0.28253,0.0025926,-0.0047158,-0.0082059,0.00030508,0.0025821,0.00085291,-0.73991,-0.67271,-4.1755,2.6761,2.1891
1.0028,2.9536,0.0023204,0.0016052,6.1492,0.51975,0.002419,-0.012673,-0.0096153,0.00089647,0.0024038,0.00085325,-0.74031,-0.67227,-3.4722,2.6764,2.1897
1.004,2.9585,0.0013985,0.0026104,6.1586,0.69251,-0.0037579,-0.023926,0.015238,0.00077969,-0.0037558,0.00085288,-0.74023,-0.67236,-2.9619,2.6768,2.19
1.0082,2.9738,-0.002013,0.0054842,6.1879,0.89499,-0.0029013,-0.023623,0.015782,0.00011032,-0.0028562,0.00085294,-0.73978,-0.67285,-2.3629,2.6768,2.1908
1.0082,2.9722,-0.00033445,0.005674,6.1857,1.0177,0.0042039,-0.017981,-0.015037,0.00019135,0.0041772,0.0013583,-0.73983,-0.67279,-1.9981,2.6765,2.1915
1.0066,2.9648,0.0055402,0.0052731,6.174,1.1886,0.0060151,-0.029469,-0.015261,0.0010553,0.0059328,0.0023769,-0.74041,-0.67215,-1.4901,2.677,2.1924
1.0062,2.9627,0.0076244,0.0057032,6.1705,1.2719,0.0050199,-0.041819,-0.019243,0.0015054,0.0048752,0.0029179,-0.74071,-0.67182,-1.2432,2.6775,2.1929
1.011,2.9761,0.0017119,0.0092407,6.1957,1.4383,-0.0020168,-0.054353,0.020826,0.001746,-0.0019834,0.0027744,-0.74087,-0.67164,-0.75001,2.6784,2.1941
1.0139,2.9838,0.0036206,0.010736,6.216,1.5278,0.0045226,-0.050415,0.0073057,0.0018581,0.0044877,0.0027931,-0.74095,-0.67155,-0.48368,2.6785,2.195
1.0132,2.9825,-0.0017359,0.011078,6.2078,1.5768,-0.00050771,-0.042397,-0.039123,0.0019527,-0.00062834,0.0022242,-0.74101,-0.67149,-0.33738,2.6786,2.1956
1.0129,2.9816,-0.0044282,0.011338,6.2031,1.6089,-0.0011678,-0.04429,0.093337,0.0019307,-0.00074712,0.0021353,-0.741,-0.6715,-0.24173,2.6785,2.1959
1.0144,2.979,0.0065259,0.014238,6.2073,1.7383,0.0035201,-0.034076,0.1261,0.0021441,0.0040481,0.0030177,-0.74114,-0.67134,0.14389,2.6785,2.1975
1.0114,2.9804,-0.0088448,0.012114,6.196,1.7738,-0.0083793,0.0026697,-0.20127,0.0020525,-0.0092052,0.0023685,-0.74108,-0.67141,0.2497,2.6785,2.198
1.0165,2.9859,0.0035938,0.015051,6.2167,1.8036,-0.0013216,-0.098474,0.19738,0.0019088,-0.00044524,0.0034441,-0.74098,-0.67151,0.33847,2.6783,2.1984
1.0155,2.9848,0.0024057,0.01533,6.2138,1.8304,-0.0016912,0.0040278,-0.22163,0.0018649,-0.0028262,0.0037575,-0.74095,-0.67155,0.41862,2.6785,2.1988
1.0102,2.9802,-0.010798,0.013231,6.194,1.8524,0.012663,-0.030325,0.23522,0.0019856,0.013817,0.0058583,-0.74103,-0.67144,0.48416,2.6784,2.1991
1.0816,3.1312,0.072167,0.024864,6.5681,1.9724,0.016934,-0.11718,0.84706,0.0040728,0.020953,0.01875,-0.7423,-0.66981,0.84195,2.6809,2.2015
1.1245,3.2159,0.12128,0.028731,6.7865,1.9968,0.01048,-0.23316,1.2301,0.0044819,0.012667,0.051011,-0.74132,-0.66921,0.91813,2.6832,2.2021
1.5394,3.9225,0.59128,0.078269,8.846,2.109,-0.017436,-0.47136,3.4955,0.0041529,-0.018528,0.10947,-0.73554,-0.66858,1.2778,2.7147,2.2072
1.7209,4.2073,0.8445,0.11016,9.8223,2.1515,-0.023749,-0.57769,3.7047,0.0028695,-0.041859,0.16773,-0.72479,-0.66825,1.4438,2.744,2.211
1.966,4.623,1.208,0.16399,11.208,2.2395,-0.078417,-0.53043,3.1333,-0.0034755,-0.10237,0.20348,-0.71219,-0.67184,1.8112,2.8308,2.2226
1.9953,4.7273,1.2529,0.17901,11.444,2.3226,0.025822,-0.31612,0.81063,-0.0088206,-0.026339,0.21482,-0.70562,-0.67524,2.1942,2.9344,2.2369
1.9961,4.7805,1.2473,0.18991,11.509,2.4101,0.1316,0.010792,-1.2581,-0.0063997,0.081644,0.20882,-0.70888,-0.6737,2.6081,3.0438,2.2535
1.9447,4.7444,1.2032,0.12284,11.313,2.5067,-0.14116,0.30936,-2.0389,-0.0078617,-0.11191,0.19997,-0.71013,-0.67508,3.0707,3.1618,2.2689
1.925,4.7171,1.1822,0.10973,11.22,2.529,-0.071414,0.26639,-0.56084,-0.0093019,-0.017162,0.18439,-0.71298,-0.6765,3.1766,3.1886,2.2715
1.664,4.2347,0.83361,0.063746,9.7796,2.649,-0.052097,0.27879,-1.4116,-0.011418,-0.018116,0.15376,-0.71821,-0.67863,3.746,3.3152,2.2828
1.5038,3.9224,0.64433,0.013949,8.8932,2.7842,-0.09658,0.32253,-1.7096,-0.015956,-0.04902,0.1183,-0.72145,-0.68229,4.3205,3.4179,2.288
1.3198,3.5499,0.43992,-0.050444,7.8737,2.9571,-0.12779,0.38709,-1.7757,-0.024878,-0.05417,0.088066,-0.71971,-0.68867,5.0006,3.5167,2.2848
1.2858,3.4802,0.40251,-0.062668,7.6852,2.9939,-0.12976,0.32219,-1.6114,-0.027032,-0.063046,0.064521,-0.72106,-0.68986,5.1311,3.5323,2.2827
1.13,3.1109,0.24602,-0.099342,6.7799,3.2325,-0.0967,0.24299,-1.3409,-0.038677,-0.03454,0.032091,-0.71596,-0.6974,5.9631,3.6145,2.2622
0.98578,2.7688,0.10107,-0.12755,5.9419,3.5004,-0.067528,0.11805,-0.82495,-0.046674,-0.025171,-0.00016505,-0.7123,-0.70188,6.7974,3.6598,2.2285
0.94081,2.6663,0.065192,-0.12551,5.6908,3.8768,-0.059894,-0.085486,-0.38787,-0.059629,-0.043665,-0.015666,-0.70368,-0.71034,7.8397,3.6919,2.18
0.91885,2.6218,0.042512,-0.11074,5.5734,4.2678,-0.053791,-0.25286,-0.051031,-0.079051,-0.055679,-0.016538,-0.68975,-0.72386,8.8824,3.7112,2.1316
0.94898,2.7085,0.048611,-0.066067,5.7567,4.7737,-0.050521,-0.28285,-0.0044091,-0.10716,-0.055465,-0.0083521,-0.66897,-0.74324,10.209,3.734,2.0875
0.95859,2.736,0.049988,-0.051121,5.8149,4.9328,-0.068036,-0.35426,0.009273,-0.11752,-0.074657,-0.00144,-0.66111,-0.75028,10.64,3.7418,2.0782
0.9675,2.7633,0.049427,-0.038372,5.8704,5.4154,-0.07203,-0.282,0.017451,-0.15418,-0.077297,0.00032116,-0.63313,-0.77405,11.961,3.7659,2.0595
0.96852,2.7696,0.046598,-0.040236,5.88,6.0315,-0.072242,-0.28235,0.017165,-0.20178,-0.077222,-0.00070777,-0.59559,-0.80329,13.663,3.7955,2.0353